subject_id,acc_x,acc_y,acc_z,gyro_x,gyro_y,gyro_z,fog_label,gait_label
1,0.27384,0.146625,-0.0541909999999999,1.761583,-0.514067,0.570824,0,upstairs
2,0.2100739999999999,-0.098095,0.0602309999999999,1.974444,0.040372,0.528872,0,upstairs
3,0.438058,0.144571,0.0468769999999999,2.034999,0.360245,0.66989,0,upstairs
4,0.472454,0.283307,-0.184886,1.87507,0.863591,0.6745369999999999,0,upstairs
5,0.485521,0.164155,0.002267,1.769325,1.43339,0.796982,0,upstairs
6,0.304831,0.072194,-0.0719679999999999,2.0295810000000003,2.070935,0.976376,0,upstairs
7,0.30753,0.048535,-0.023703,2.175142,2.576832,1.1433870000000002,0,upstairs
8,0.0745789999999999,0.237607,-0.199785,1.961134,2.298079,1.241594,0,upstairs
9,-0.083567,0.3190929999999999,-0.23064,1.821594,1.511824,1.116645,0,upstairs
10,-0.12259,0.195917,-0.172499,1.55095,0.790856,1.029153,0,upstairs
11,-0.0587059999999999,-0.057695,-0.124109,1.314363,0.522526,0.938113,0,upstairs
12,0.02253,-0.268251,-0.043457,1.300799,0.393512,0.978776,0,upstairs
13,0.106956,-0.374813,-0.013711,1.144517,0.208027,1.145633,0,upstairs
14,0.200772,-0.337623,0.009553,1.029984,0.648188,1.194475,0,upstairs
15,0.128419,-0.166952,-0.038935,1.050664,0.993198,1.2112690000000002,0,upstairs
16,0.055074,-0.09216,-0.035042,1.020415,1.061824,1.125512,0,upstairs
17,-0.000297,-0.045141,-0.0223599999999999,0.979754,0.857085,0.946029,0,upstairs
18,-0.107926,-0.024089,0.009536,0.764946,0.676075,0.844348,0,upstairs
19,-0.160597,-0.0408959999999999,-0.08955,0.569267,0.2276679999999999,0.729256,0,upstairs
20,-0.1340869999999999,-0.014808,-0.039397,0.638392,0.0511029999999999,0.601779,0,upstairs
21,-0.02903,0.03833,-0.058234,0.616233,0.029118,0.52474,0,upstairs
22,-0.013878,0.0780899999999999,0.021961,0.629121,0.058858,0.535474,0,upstairs
23,0.07677,0.090793,0.253786,0.856025,0.314417,0.631803,0,upstairs
24,0.145607,0.0477029999999999,0.118709,0.854663,0.176337,0.797545,0,upstairs
25,-0.004936,0.111391,0.146689,0.74997,0.0567929999999999,0.946518,0,upstairs
26,-0.141639,0.397009,0.2923409999999999,0.658687,0.35344,0.9006350000000001,0,upstairs
27,-0.050231,0.449634,0.307359,0.2259929999999999,0.56957,0.773422,0,upstairs
28,-0.056559,0.470778,0.153118,-0.4991,0.974339,0.6118779999999999,0,upstairs
29,-0.398873,0.595819,-0.093812,-1.099506,0.5109779999999999,0.3251989999999999,0,upstairs
30,-0.417897,0.5648850000000001,-0.034754,-1.395386,0.0872899999999999,-0.023497,0,upstairs
31,-0.029563,0.486202,0.242105,-1.375512,0.329509,-0.4071599999999999,0,upstairs
32,0.268232,0.392549,0.538271,-1.477898,0.7793260000000001,-0.917993,0,upstairs
33,0.198304,0.347988,0.459796,-1.791751,1.316571,-1.530829,0,upstairs
34,-0.206875,0.221188,0.052354,-1.948166,1.908982,-2.222752,0,upstairs
35,-0.2590949999999999,0.2476449999999999,-0.245065,-2.14133,1.078211,-2.091645,0,upstairs
36,0.208178,0.0308269999999999,-0.017535,-2.381428,0.757845,-1.6880560000000002,0,upstairs
37,0.343393,0.183464,-0.127106,-2.516652,-0.8629549999999999,-1.708288,0,upstairs
38,0.5474399999999999,0.132866,-0.097549,-2.934396,-0.995609,-1.472822,0,upstairs
39,0.594873,-0.086655,-0.0036299999999999,-2.997423,-0.6580630000000001,-1.115841,0,upstairs
40,0.508609,-0.037821,-0.231476,-3.028541,-1.137579,-1.319474,0,upstairs
41,0.125588,0.3266739999999999,-0.0102,-2.749346,-0.2641679999999999,-1.798275,0,upstairs
42,0.038066,0.139603,-0.141101,-2.690258,-0.719913,-1.631704,0,upstairs
43,0.157057,-0.049375,-0.420796,-2.672261,-1.669154,-1.36117,0,upstairs
44,0.125052,-0.649648,-0.341685,-2.216655,-1.943047,-0.928211,0,upstairs
45,0.04899,-0.432758,-0.311328,-1.78493,-2.071975,-0.496673,0,upstairs
46,0.127297,-0.356593,-0.357268,-1.126652,-1.90131,-0.323515,0,upstairs
47,0.20897,-0.355054,-0.3080449999999999,-0.340205,-1.50614,-0.194614,0,upstairs
48,0.12287,-0.276069,-0.290204,0.455528,-1.26513,-0.14984,0,upstairs
49,0.057875,-0.3141739999999999,-0.260577,1.012883,-1.249588,0.008925,0,upstairs
50,-0.121042,-0.42818,-0.246558,1.317855,-0.532774,0.035828,0,upstairs
51,-0.22689,-0.30758,-0.209938,1.338433,0.576693,-0.110728,0,upstairs
52,0.10636,-0.418933,-0.076388,1.423,0.645727,0.134397,0,upstairs
53,0.385685,-0.3794349999999999,-0.29701,2.695856,0.2467739999999999,-0.034594,0,upstairs
54,-0.072308,0.281376,-0.133394,2.288239,1.496168,-0.436421,0,upstairs
55,0.811924,1.616358,0.371059,1.892088,-0.310567,0.445479,0,upstairs
56,0.31677,0.7782979999999999,-0.395011,1.805486,0.151622,-0.242585,0,upstairs
57,0.237713,-0.195696,0.3904289999999999,2.025109,0.606842,0.012602,0,upstairs
58,0.3826449999999999,-0.367064,0.002642,2.402152,1.038808,0.3522409999999999,0,upstairs
59,0.377037,-0.047817,-0.044847,2.389742,1.774259,0.5264,0,upstairs
60,0.34351,0.442687,-0.03103,2.276653,1.728077,0.717949,0,upstairs
61,0.284515,0.436566,0.021121,2.215142,1.842256,0.988701,0,upstairs
62,0.177653,0.183594,-0.023167,2.236167,1.804769,1.020943,0,upstairs
63,0.108786,-0.048797,-0.013952,2.154803,1.806923,1.085533,0,upstairs
64,0.116029,-0.122725,-0.091259,2.051879,1.296816,1.400594,0,upstairs
65,0.088321,-0.194668,-0.008313,1.999543,1.655456,1.535433,0,upstairs
66,0.073127,-0.2607,-0.062872,1.935642,1.293133,1.623045,0,upstairs
67,0.0348259999999999,-0.226541,-0.019798,1.688207,1.07656,1.385517,0,upstairs
68,-0.090431,-0.255056,-0.030998,1.554719,0.890175,1.225658,0,upstairs
69,-0.143792,-0.277862,0.032178,1.581566,0.984557,1.043059,0,upstairs
70,-0.074124,-0.315562,-0.082498,1.537419,0.5101899999999999,0.894876,0,upstairs
71,0.08849,-0.268696,0.132233,1.350625,0.193629,0.8341559999999999,0,upstairs
72,0.07005,-0.182071,0.191768,1.092245,0.350213,0.794763,0,upstairs
73,-0.1303109999999999,0.0330839999999999,0.223568,0.953109,0.835915,0.664982,0,upstairs
74,-0.200302,-0.007977,0.099838,0.866676,0.898692,0.492314,0,upstairs
75,-0.209477,-0.042735,0.012194,0.815407,0.498929,0.3418489999999999,0,upstairs
76,-0.143598,-0.021933,0.1131619999999999,0.722828,0.30541,0.331836,0,upstairs
77,-0.101284,-0.0152039999999999,0.1701119999999999,0.609017,0.24999,0.436866,0,upstairs
78,-0.138208,0.017997,0.235396,0.606749,0.385686,0.6033189999999999,0,upstairs
79,-0.248027,0.080725,0.143399,0.5958479999999999,0.258306,0.765776,0,upstairs
80,-0.30458,0.11765,0.01256,0.622817,-0.044752,0.872107,0,upstairs
81,-0.247963,0.159137,0.136492,0.72185,-0.0835679999999999,0.636771,0,upstairs
82,-0.142024,0.1915089999999999,0.2194,0.49812,0.308784,0.48195,0,upstairs
83,-0.230238,0.252261,0.043958,0.150318,0.363045,0.53393,0,upstairs
84,-0.281871,0.345302,0.00844,-0.090272,0.033426,0.322232,0,upstairs
85,-0.267817,0.490709,0.048826,-0.281809,0.132995,-0.168479,0,upstairs
86,0.021552,0.715039,0.23496,-0.561736,0.163942,-1.003687,0,upstairs
87,0.222993,0.660508,0.364264,-0.973078,0.446635,-1.544238,0,upstairs
88,0.4620649999999999,0.410605,0.429938,-1.7381080000000002,1.10248,-1.588878,0,upstairs
89,0.5403939999999999,0.121567,0.4062139999999999,-2.210889,2.113737,-1.2569860000000002,0,upstairs
90,0.600865,0.040886,0.326547,-2.247573,2.700125,-0.814682,0,upstairs
91,0.6628609999999999,-0.0222729999999999,0.088513,-2.142967,2.922835,-0.124165,0,upstairs
92,0.71029,0.095509,0.03687,-2.121389,2.371689,0.222795,0,upstairs
93,0.750934,0.138605,0.086742,-2.365741,1.975582,-0.407586,0,upstairs
94,0.788506,0.220112,0.071945,-1.992437,2.48494,-1.30187,0,upstairs
95,0.011955,-0.1930049999999999,-0.1928369999999999,-1.809928,1.9361580000000005,-1.152477,0,upstairs
96,0.0043,-0.228694,-0.250627,-1.769238,1.789948,-0.8550399999999999,0,upstairs
97,0.0369339999999999,-0.237213,-0.323895,-1.817903,1.076975,-0.470974,0,upstairs
98,0.141552,-0.253407,-0.228925,-1.8803330000000005,-0.026199,-0.26383,0,upstairs
99,0.302057,-0.244876,-0.0561269999999999,-1.76259,-0.3825429999999999,-0.230504,0,upstairs
100,0.410866,-0.343611,-0.078224,-1.227024,-0.0587549999999999,-0.152351,0,upstairs
101,0.4359989999999999,-0.397804,-0.160827,-0.715179,-0.041668,-0.074022,0,upstairs
102,0.318856,-0.471423,-0.20754,-0.190556,0.087819,0.122825,0,upstairs
103,0.091287,-0.540501,-0.156862,0.341075,0.1436619999999999,0.348657,0,upstairs
104,-0.003489,-0.4897069999999999,-0.059284,0.843872,0.151834,0.532688,0,upstairs
105,-0.092411,-0.381274,0.000154,1.173923,0.030184,0.565059,0,upstairs
106,-0.123921,-0.287255,0.1032339999999999,1.347002,-0.073008,0.646517,0,upstairs
107,-0.144456,-0.157196,0.255126,1.341373,-0.05108,0.495831,0,upstairs
108,-0.171379,0.060707,0.425746,1.166999,0.256579,0.4322609999999999,0,upstairs
109,-0.070132,0.236461,0.481255,0.938858,0.579852,0.24011,0,upstairs
110,0.037758,0.2948909999999999,0.466802,0.760898,0.355725,-0.033242,0,upstairs
111,0.100307,0.233967,0.505951,0.462071,0.09673,-0.273211,0,upstairs
112,0.138297,0.093555,0.538157,0.1907569999999999,0.419709,-0.354569,0,upstairs
113,0.380029,0.152911,0.422245,0.0228389999999999,0.584268,-0.335656,0,upstairs
114,0.773706,0.483483,0.520826,0.03118,0.784705,0.14805,0,upstairs
115,0.958092,0.665037,0.4972859999999999,-0.045969,0.85598,0.771261,0,upstairs
116,0.463315,0.393993,0.092763,-0.141873,-0.014558,0.108341,0,upstairs
117,-0.132624,-0.512195,-0.146665,0.436278,1.015045,-0.262818,0,upstairs
118,0.033582,-1.02193,-0.581063,2.131911,2.755115,-0.253203,0,upstairs
119,0.556937,-1.153928,-0.5211720000000001,2.7224310000000003,2.770841,0.362992,0,upstairs
120,0.605056,-0.315601,-0.228526,1.47371,1.341161,0.931874,0,upstairs
121,0.159081,0.8412379999999999,-0.184718,0.988015,0.765429,0.408995,0,upstairs
122,0.009349,0.5824819999999999,0.001072,1.724347,1.303599,-0.279828,0,upstairs
123,0.143865,0.109245,0.174597,1.902081,2.041675,-0.393832,0,upstairs
124,0.509238,-0.645506,0.195607,1.499205,2.331188,0.281304,0,upstairs
125,0.6023189999999999,-0.4382319999999999,-0.006905,1.485018,2.046932,0.782565,0,upstairs
126,0.310689,-0.136209,-0.0522529999999999,1.750623,2.420281,0.6931430000000001,0,upstairs
127,-0.060044,0.2346869999999999,-0.261074,1.496542,2.687113,0.519043,0,upstairs
128,-0.07422,0.232308,-0.10737,1.094647,2.1224380000000003,0.35459,0,upstairs
129,-0.0825419999999999,0.121667,-0.001273,1.146724,1.7073349999999998,0.2208889999999999,0,upstairs
130,-0.031002,-0.024768,0.063336,1.197905,1.638166,0.1583099999999999,0,upstairs
131,-0.035123,-0.086225,0.033018,1.107646,1.516953,0.1792,0,upstairs
132,-0.010688,-0.023042,0.111884,0.931586,1.094421,0.236195,0,upstairs
133,-0.050386,0.056234,0.350999,0.802618,0.8584860000000001,0.208891,0,upstairs
134,-0.012102,-0.035901,0.2191409999999999,0.8231940000000001,1.413375,0.2211429999999999,0,upstairs
135,-0.0026079999999999,-0.055489,0.240481,0.711972,1.410341,0.276985,0,upstairs
136,-0.094419,-0.009694,0.226133,0.7096640000000001,1.156722,0.299727,0,upstairs
137,-0.174895,0.084079,0.235521,0.800719,0.942522,0.240817,0,upstairs
138,-0.190701,0.112539,0.2441969999999999,0.8322069999999999,0.7690060000000001,0.182507,0,upstairs
139,-0.211106,-0.011667,0.369729,0.756304,0.930296,0.1401099999999999,0,upstairs
140,-0.122981,0.090396,0.356042,0.592014,1.062332,0.030902,0,upstairs
141,-0.04947,0.190147,0.181828,0.443567,1.023456,0.024574,0,upstairs
142,-0.083766,0.2410989999999999,0.1368079999999999,0.3000489999999999,0.794392,0.156325,0,upstairs
143,-0.230893,0.356633,0.405588,0.304345,0.802891,0.1584799999999999,0,upstairs
144,0.036957,0.361265,0.275277,0.145996,1.192101,-0.066383,0,upstairs
145,0.161384,0.41843,0.421163,0.028097,1.07839,-0.298865,0,upstairs
146,0.0630299999999999,0.385798,0.217804,-0.590255,1.492276,-0.7010930000000001,0,upstairs
147,0.324839,0.371617,0.342203,-1.030995,2.006794,-1.115028,0,upstairs
148,0.468235,0.353597,0.609804,-1.7248310000000002,2.768127,-1.227672,0,upstairs
149,0.4838729999999999,0.2595659999999999,0.456383,-2.917657,3.161508,-1.066661,0,upstairs
150,0.6480279999999999,-0.018088,0.384961,-3.118245,4.117831,-0.8193239999999999,0,upstairs
151,0.664195,0.051269,0.108996,-2.796071,5.327956,-0.5632699999999999,0,upstairs
152,0.487168,0.417232,-0.32773,-3.126358,3.744066000000001,-0.5870479999999999,0,upstairs
153,0.241106,0.60751,-0.143762,-3.083822,2.697863,-1.130204,0,upstairs
154,-0.0516909999999999,0.542299,-0.0151139999999999,-2.729038,2.153068,-1.3278530000000002,0,upstairs
155,0.03443,0.326786,-0.129123,-2.772946,1.317438,-1.17647,0,upstairs
156,0.152455,0.139149,-0.226273,-3.262098,0.936823,-1.207173,0,upstairs
157,0.08188,-0.064348,-0.314651,-4.280974,-1.023743,-1.274802,0,upstairs
158,-0.059533,-0.302051,-0.063685,-4.070119,-0.5685899999999999,-0.729119,0,upstairs
159,0.239317,-0.426222,-0.25458,-3.709272,-0.1175339999999999,-0.08838,0,upstairs
160,0.297503,-0.3316659999999999,-0.265266,-3.433616,-0.422317,0.233334,0,upstairs
161,0.217226,-0.218216,-0.090012,-2.914905,-0.231895,0.381992,0,upstairs
162,0.023392,-0.273418,-0.0377819999999999,-2.069548,0.433724,0.492797,0,upstairs
163,-0.175805,-0.268184,-0.106946,-1.716227,0.274677,0.532857,0,upstairs
164,-0.21463,-0.2695869999999999,-0.153481,-1.487939,-0.08465,0.417408,0,upstairs
165,-0.234621,-0.325601,-0.149812,-1.207959,-0.421444,0.216833,0,upstairs
166,-0.2229449999999999,-0.382957,-0.161438,-0.977838,-0.611394,0.100111,0,upstairs
167,-0.217226,-0.382632,-0.029506,-0.62474,-0.711331,0.010838,0,upstairs
168,-0.21365,-0.4091619999999999,0.058759,-0.205039,-0.449399,-0.054932,0,upstairs
169,-0.127467,-0.3815,0.128907,0.038078,-0.144903,0.043584,0,upstairs
170,-0.101158,-0.322032,0.059057,0.220243,-0.18928,0.060937,0,upstairs
171,-0.108221,-0.294039,0.093308,0.417501,-0.496591,0.017843,0,upstairs
172,-0.158748,-0.210401,0.318968,0.653191,-0.525077,0.01098,0,upstairs
173,-0.017713,-0.024117,0.520352,0.633297,0.008903,0.22487,0,upstairs
174,0.120343,0.130106,0.533095,0.133935,0.54204,0.532619,0,upstairs
175,0.490292,0.474964,0.93669,-0.460621,0.2436829999999999,0.535258,0,upstairs
176,0.52345,-0.467731,0.014612,1.591259,-0.506545,0.689421,0,upstairs
177,0.310275,-0.502039,-0.152013,2.470225,0.606961,0.653541,0,upstairs
178,0.194327,0.171086,-0.304519,2.738919,1.655623,0.313311,0,upstairs
179,0.427567,0.402844,-0.259123,2.5277540000000003,1.927935,0.3296469999999999,0,upstairs
180,0.437025,0.378158,-0.22771,1.970427,1.2148219999999998,0.656748,0,upstairs
181,0.343411,0.3723619999999999,0.00253,2.237972,0.8912399999999999,0.6259170000000001,0,upstairs
182,0.08636,-0.128642,0.020425,2.673148,1.551365,0.601405,0,upstairs
183,0.078951,-0.0833179999999999,-0.0456839999999999,2.93562,2.131681,0.705044,0,upstairs
184,0.035629,0.009984,-0.133888,2.847686,2.070048,0.742965,0,upstairs
185,-0.036668,0.327662,-0.148788,2.577404,1.7365580000000005,0.725481,0,upstairs
186,-0.082179,0.209283,-0.129077,2.129916,1.315531,0.64171,0,upstairs
187,-0.202592,-0.093403,-0.180585,1.858438,0.873708,0.54424,0,upstairs
188,-0.2400969999999999,-0.235355,-0.1069869999999999,1.407539,0.5660310000000001,0.6216010000000001,0,upstairs
189,-0.128235,-0.153162,0.104498,1.273152,0.8222370000000001,0.86923,0,upstairs
190,-0.079834,-0.130583,0.159271,1.40862,0.988319,1.043015,0,upstairs
191,-0.063846,-0.038263,0.184098,1.659153,1.295926,1.156534,0,upstairs
192,-0.088281,0.044922,0.089797,1.812766,1.698339,1.088726,0,upstairs
193,-0.063821,-0.001534,0.00113,1.632495,1.538784,0.91996,0,upstairs
194,-0.052687,-0.0304529999999999,-0.001848,1.2787959999999998,1.176759,0.917953,0,upstairs
195,-0.136915,-0.0151139999999999,0.028491,1.101692,0.8486809999999999,1.064551,0,upstairs
196,-0.1731599999999999,0.017256,0.081329,1.178003,0.775817,1.104702,0,upstairs
197,-0.168326,0.206469,0.048292,1.207422,0.8431049999999999,1.035387,0,upstairs
198,-0.265664,0.2311639999999999,0.337535,0.940927,0.286363,0.900711,0,upstairs
199,-0.254488,0.147619,0.544255,1.052915,-0.153095,0.944785,0,upstairs
200,-0.214702,0.101123,0.4957439999999999,1.110113,0.37556,1.0919219999999998,0,upstairs
201,-0.027687,0.154382,0.192605,0.883698,0.314638,1.069098,0,upstairs
202,0.081369,0.3452179999999999,0.365463,0.667404,0.865978,0.8425540000000001,0,upstairs
203,-0.178445,0.565765,0.160796,-0.121369,0.874668,0.685346,0,upstairs
204,-0.242296,0.644073,0.1824589999999999,-0.8584440000000001,0.780697,0.316054,0,upstairs
205,-0.0782559999999999,0.375929,0.144293,-1.379702,1.026613,-0.256196,0,upstairs
206,0.001604,0.2068969999999999,0.319187,-1.692052,1.329979,-0.724511,0,upstairs
207,-0.267164,0.219627,0.269763,-1.902196,1.7366669999999995,-1.278771,0,upstairs
208,-0.2321929999999999,0.214929,0.218242,-2.21193,1.938707,-1.7180959999999998,0,upstairs
209,-0.18747,0.301451,-0.126203,-2.1776020000000003,1.126462,-1.621744,0,upstairs
210,0.227644,0.110875,-0.223271,-1.944795,0.911749,-1.409403,0,upstairs
211,0.130624,0.309969,0.016501,-2.100598,0.801804,-1.751113,0,upstairs
212,0.212021,0.04919,0.111495,-2.694451,-0.082337,-1.7786970000000002,0,upstairs
213,0.273069,0.007631,-0.0939509999999999,-2.5027060000000003,-0.188196,-1.579601,0,upstairs
214,0.146524,0.145639,-0.342213,-2.782957,-0.658956,-1.891808,0,upstairs
215,0.04536,0.082023,0.0152889999999999,-3.050807,-0.418512,-2.115109,0,upstairs
216,0.075373,-0.024069,-0.0674559999999999,-2.735862,-0.529542,-1.795505,0,upstairs
217,0.121653,-0.243842,-0.240655,-2.780578,-0.5842579999999999,-1.394096,0,upstairs
218,-0.101146,-0.3448199999999999,-0.296531,-2.695854,-0.8839870000000001,-0.8387129999999999,0,upstairs
219,-0.050884,-0.335125,-0.367627,-2.508766,-1.132244,-0.456801,0,upstairs
220,-0.0371,-0.3791,-0.303297,-2.051264,-1.280206,-0.082743,0,upstairs
221,0.04881,-0.291503,-0.254581,-1.362883,-1.4094870000000002,0.2149239999999999,0,upstairs
222,0.072745,-0.318634,-0.210759,-0.405337,-1.176781,0.331341,0,upstairs
223,0.052696,-0.475725,-0.204585,0.532166,-0.818713,0.28402,0,upstairs
224,-0.212134,-0.530961,-0.219419,1.2609780000000002,-0.317481,0.04705,0,upstairs
225,-0.253787,-0.73111,-0.403919,2.13801,-0.041656,-0.159753,0,upstairs
226,-0.2665349999999999,-0.911176,-0.392854,2.6433560000000003,-0.083941,0.119432,0,upstairs
227,-0.056888,0.534261,1.653982,0.503678,1.491228,-0.329094,0,upstairs
228,-0.582696,1.066333,-0.907825,1.901104,-0.1907039999999999,-0.7754449999999999,0,upstairs
229,0.171851,0.4433609999999999,-0.990251,1.962572,-1.615341,-0.2059639999999999,0,upstairs
230,0.039865,-0.422969,0.000204,0.970308,-0.4206569999999999,0.5258520000000001,0,upstairs
231,-0.133259,-0.531261,-0.483214,1.951259,-0.065342,0.064367,0,upstairs
232,0.525057,0.2433519999999999,0.125751,1.513397,1.0060129999999998,0.521408,0,upstairs
233,0.287518,0.500943,0.094614,1.947554,1.175159,0.4697449999999999,0,upstairs
234,0.042738,0.347569,0.0879559999999999,2.212344,1.328156,0.341075,0,upstairs
235,-0.116239,0.130519,-0.0962399999999999,2.4285650000000003,1.496737,0.353051,0,upstairs
236,-0.183567,0.126718,-0.189676,2.005072,0.960661,0.5142180000000001,0,upstairs
237,-0.141361,0.0906899999999999,-0.1031789999999999,1.573002,0.673805,0.6963699999999999,0,upstairs
238,-0.049557,0.0232479999999999,-0.067696,1.3318370000000002,0.4508359999999999,0.720609,0,upstairs
239,-0.021032,0.000158,-0.0172879999999999,1.154585,0.103528,0.881117,0,upstairs
240,-0.051547,-0.013211,-0.0149349999999999,1.089272,-0.307905,0.996556,0,upstairs
241,-0.132424,-0.037616,-0.037656,0.993403,-0.714644,1.030591,0,upstairs
242,-0.144464,-0.042989,0.00496,0.975739,-0.524351,0.877468,0,upstairs
243,-0.089409,-0.128735,0.08753,1.098549,0.0925059999999999,0.755758,0,upstairs
244,-0.099483,-0.152878,0.081326,1.144791,0.4119239999999999,0.75674,0,upstairs
245,-0.152414,-0.185658,0.019705,0.915653,0.140368,0.666825,0,upstairs
246,-0.2146989999999999,-0.139026,0.148829,0.9125,0.15952,0.6753239999999999,0,upstairs
247,-0.217594,0.0035229999999999,0.072018,0.943463,0.2114219999999999,0.722476,0,upstairs
248,-0.22824,0.07165,-0.17995,0.499982,0.09879,0.76866,0,upstairs
249,-0.2076619999999999,0.104834,0.1622559999999999,0.663361,-0.343868,0.769301,0,upstairs
250,-0.202972,0.120957,0.339582,1.054538,0.094574,0.8056989999999999,0,upstairs
251,-0.2088809999999999,0.116004,0.017958,1.0290290000000002,-0.236066,0.92879,0,upstairs
252,-0.178497,0.246047,0.225845,0.994672,-0.440805,1.009997,0,upstairs
253,-0.1389109999999999,0.274375,0.293606,0.977278,-0.296846,0.988327,0,upstairs
254,-0.104422,0.41471,0.157026,0.748605,-0.005875,0.8827389999999999,0,upstairs
255,-0.189465,0.488832,0.059946,0.144156,0.14402,0.6849770000000001,0,upstairs
256,-0.275638,0.538331,0.039686,-0.42573,-0.0822659999999999,0.4922109999999999,0,upstairs
257,0.081644,0.379729,0.216887,-0.8303520000000001,0.166845,0.0852769999999999,0,upstairs
258,0.203294,0.285561,0.276611,-1.094144,0.480189,-0.256661,0,upstairs
259,0.11632,0.237425,0.374417,-1.306052,0.68584,-0.6183960000000001,0,upstairs
260,-0.417981,0.359284,0.29677,-1.507467,1.285664,-1.260436,0,upstairs
261,-0.551502,0.404338,0.116344,-1.499198,1.908614,-2.006795,0,upstairs
262,-0.416913,0.3759659999999999,-0.304172,-1.6727880000000002,0.924478,-1.635006,0,upstairs
263,0.1889549999999999,0.019686,-0.106096,-2.187376,0.1031609999999999,-1.192099,0,upstairs
264,0.341107,0.0101409999999999,0.251534,-2.183287,0.548391,-1.181959,0,upstairs
265,0.4263909999999999,0.055795,0.340077,-2.43918,0.604594,-1.162454,0,upstairs
266,0.240817,0.085189,-0.0645,-2.365787,0.259533,-0.982038,0,upstairs
267,0.035944,0.369356,-0.204701,-2.399133,0.264493,-1.393543,0,upstairs
268,0.022434,0.36855,-0.2319929999999999,-2.875438,-0.115175,-1.671984,0,upstairs
269,0.047119,0.0546419999999999,-0.1044829999999999,-2.764736,-0.142421,-1.880548,0,upstairs
270,0.007243,-0.100464,-0.268303,-2.782496,-0.491826,-1.60035,0,upstairs
271,0.030518,-0.266101,-0.343568,-2.936135,-0.949326,-1.343395,0,upstairs
272,-0.115434,-0.4625329999999999,-0.271146,-2.9556400000000003,-1.096789,-0.947032,0,upstairs
273,-0.089623,-0.421127,-0.301712,-2.597277,-1.1394030000000002,-0.724421,0,upstairs
274,-0.09207,-0.379821,-0.255761,-1.947078,-1.221665,-0.430285,0,upstairs
275,-0.044315,-0.372648,-0.2306869999999999,-1.244735,-1.190809,-0.231003,0,upstairs
276,-0.034892,-0.478927,-0.296175,-0.445077,-1.105977,-0.027905,0,upstairs
277,-0.1298109999999999,-0.52132,-0.29146,0.264784,-0.964867,0.03242,0,upstairs
278,-0.269296,-0.416308,-0.185194,0.710152,-0.690238,-0.034255,0,upstairs
279,-0.368417,-0.4199229999999999,-0.091585,1.125257,-0.292884,-0.129073,0,upstairs
280,-0.2274139999999999,-0.561204,-0.114795,1.80253,0.118267,0.0941169999999999,0,upstairs
281,0.208858,-0.346419,0.306608,1.946206,0.317982,0.374738,0,upstairs
282,0.004589,1.224572,1.102033,1.651434,0.642741,-0.662844,0,upstairs
283,0.419755,1.162536,-1.150002,2.727787,-0.7526109999999999,-0.836203,0,upstairs
284,0.163493,0.0258209999999999,0.62468,1.146614,-0.938874,-0.305421,0,upstairs
285,-0.133714,-0.6972470000000001,-0.134073,2.231657,0.107222,-0.445529,0,upstairs
286,0.179523,-0.6441899999999999,0.1708839999999999,1.636377,0.758662,0.196821,0,upstairs
287,0.368737,-0.0143949999999999,-0.011898,1.956903,0.943962,0.997853,0,upstairs
288,0.22887,0.384883,-0.103064,1.881679,1.031693,0.968373,0,upstairs
289,-0.020625,0.4208149999999999,-0.092872,1.622057,0.7479180000000001,0.763961,0,upstairs
290,-0.150344,0.321971,-0.074433,1.748031,0.713491,0.47326,0,upstairs
291,-0.147235,0.1400809999999999,-0.099657,1.658175,0.449402,0.260395,0,upstairs
292,-0.100493,-0.018816,-0.08997,1.479671,0.162301,0.284085,0,upstairs
293,0.041612,-0.178663,0.000235,1.400354,0.218482,0.422328,0,upstairs
294,-0.010743,-0.18702,-0.028299,1.388909,0.237988,0.615571,0,upstairs
295,-0.089338,-0.164202,-0.050962,1.193669,0.009708,0.8623270000000001,0,upstairs
296,-0.0877049999999999,-0.092667,-0.018764,1.058209,-0.139283,0.942757,0,upstairs
297,-0.030387,-0.022219,0.048527,1.206768,0.002501,0.788721,0,upstairs
298,-0.028717,-0.088012,0.0314459999999999,1.173395,0.452949,0.592426,0,upstairs
299,-0.100557,-0.137533,0.118957,1.114778,0.249604,0.6125729999999999,0,upstairs
300,-0.157948,-0.130901,0.166119,1.213195,0.4329409999999999,0.4997939999999999,0,upstairs
301,-0.256233,-0.036698,-0.001686,0.988742,0.352756,0.497302,0,upstairs
302,-0.335099,-0.0140639999999999,0.074638,0.8583959999999999,0.111243,0.534089,0,upstairs
303,-0.335785,0.007806,0.061,0.914036,0.192892,0.580306,0,upstairs
304,-0.316661,0.042432,0.102224,0.760679,0.055848,0.618935,0,upstairs
305,-0.21491,0.04645,0.238761,0.88021,0.036371,0.590953,0,upstairs
306,-0.2034619999999999,0.030088,0.21877,0.916942,-0.05873,0.6319239999999999,0,upstairs
307,-0.176789,0.047266,0.188361,0.924204,-0.026048,0.7109810000000001,0,upstairs
308,-0.086388,0.1144859999999999,0.130881,1.012945,0.103255,0.799029,0,upstairs
309,-0.053719,0.114271,0.13258,1.061558,0.224578,0.786395,0,upstairs
310,0.0768529999999999,0.315611,0.096364,0.956056,0.0532789999999999,0.825401,0,upstairs
311,-0.199688,0.811856,-0.030525,0.478421,-0.152615,0.780668,0,upstairs
312,-0.210907,0.8163130000000001,-0.029443,-0.262409,-0.056196,0.488018,0,upstairs
313,-0.072814,0.586689,0.1154829999999999,-0.674063,0.373699,0.165194,0,upstairs
314,0.25436,0.446447,0.449801,-0.89674,0.172091,-0.106364,0,upstairs
315,-0.121923,0.30468,0.629415,-1.240198,0.013144,-0.285884,0,upstairs
316,-0.349439,0.279483,0.5375300000000001,-1.747754,0.7435229999999999,-0.810589,0,upstairs
317,-0.661942,0.163359,0.095843,-1.683534,1.978682,-1.524227,0,upstairs
318,-0.4843909999999999,0.10628,0.007114,-1.55443,2.309059,-1.671164,0,upstairs
319,-0.210013,0.184324,-0.153441,-1.567517,1.701222,-1.502765,0,upstairs
320,0.068963,0.2306119999999999,-0.253603,-1.905321,0.019811,-1.374784,0,upstairs
321,0.172542,-0.072157,-0.257816,-2.473864,-1.0788950000000002,-1.313254,0,upstairs
322,0.321576,-0.249694,-0.073595,-2.594218,-0.894741,-1.174393,0,upstairs
323,0.315927,-0.087386,0.153979,-2.2357240000000003,-0.550299,-1.307995,0,upstairs
324,0.280307,0.196266,0.081462,-2.232556,0.146414,-1.316343,0,upstairs
325,0.2237559999999999,0.2437079999999999,-0.019094,-2.2693830000000004,0.596647,-1.456046,0,upstairs
326,0.1953099999999999,0.2337929999999999,-0.129078,-2.417109,0.2115739999999999,-1.733254,0,upstairs
327,0.114415,0.017784,-0.327241,-2.861589,-0.334726,-1.660883,0,upstairs
328,0.0209789999999999,-0.1139119999999999,-0.221163,-3.230884,-0.802215,-1.382989,0,upstairs
329,-0.0252669999999999,-0.19746,-0.147533,-3.24283,-1.012222,-1.069815,0,upstairs
330,-0.23514,-0.550875,-0.262444,-3.244387,-1.129038,-0.3614449999999999,0,upstairs
331,-0.088284,-0.515307,-0.293126,-2.7612400000000004,-1.031009,0.012478,0,upstairs
332,-0.0914799999999999,-0.419296,-0.328104,-2.109976,-0.945748,0.236971,0,upstairs
333,-0.104993,-0.331792,-0.26465,-1.402701,-1.1444450000000002,0.295577,0,upstairs
334,-0.142399,-0.4366739999999999,-0.221475,-0.5491199999999999,-1.1940309999999998,0.234305,0,upstairs
335,-0.261198,-0.59108,-0.197894,0.4341399999999999,-1.105614,0.181239,0,upstairs
336,-0.3758559999999999,-0.559577,-0.164906,1.158391,-0.773219,0.07905,0,upstairs
337,-0.3821,-0.502939,-0.134621,1.576339,-0.282934,-0.081028,0,upstairs
338,-0.350159,-0.459342,-0.110574,1.689289,0.384654,-0.093914,0,upstairs
339,0.361375,0.5309520000000001,0.6853090000000001,1.020162,0.877727,-0.275476,0,upstairs
340,0.5417350000000001,0.807946,0.747238,1.161712,-0.0903809999999999,-0.4548439999999999,0,upstairs
341,-0.008896,1.009375,0.357315,2.474116,-0.6168359999999999,-1.006887,0,upstairs
342,0.216606,0.1235859999999999,0.173126,1.581256,-0.726823,-0.434007,0,upstairs
343,-0.075311,-0.338994,-0.119503,2.023016,-0.484375,-0.441914,0,upstairs
344,0.1382789999999999,-0.175067,0.075429,1.883789,0.002526,-0.072837,0,upstairs
345,0.292375,0.248534,0.069083,1.791102,0.13687,0.509592,0,upstairs
346,0.235479,0.298118,0.014969,1.878745,0.534475,0.635745,0,upstairs
347,0.18823,0.051626,-0.047081,1.915185,1.009608,0.599071,0,upstairs
348,0.11108,0.008482,-0.029989,2.007247,1.136885,0.658303,0,upstairs
349,0.004289,0.066372,-0.082821,2.015337,1.055822,0.676624,0,upstairs
350,-0.106751,0.217011,-0.139196,1.850448,0.8935709999999999,0.6329899999999999,0,upstairs
351,-0.234073,0.207706,-0.18587,1.5794700000000002,0.330286,0.5399520000000001,0,upstairs
352,-0.183538,0.0136199999999999,-0.077587,1.396131,0.071234,0.480251,0,upstairs
353,-0.125243,-0.1244369999999999,-0.012086,1.392624,0.103863,0.581665,0,upstairs
354,-0.092902,-0.166279,-0.004104,1.371819,-0.071497,0.763343,0,upstairs
355,-0.076162,-0.193289,0.022915,1.246287,-0.1014,0.890691,0,upstairs
356,-0.151297,-0.097835,0.087324,1.228361,-0.04916,0.89584,0,upstairs
357,-0.204484,-0.059289,0.1372,1.286151,0.180927,0.8489469999999999,0,upstairs
358,-0.236705,-0.010701,0.0892309999999999,1.5724870000000002,0.483527,0.5856399999999999,0,upstairs
359,-0.2370719999999999,-0.0996659999999999,0.039675,1.425087,0.3109449999999999,0.449167,0,upstairs
360,-0.204077,-0.161969,0.086164,1.112547,0.179566,0.5411560000000001,0,upstairs
361,-0.214185,-0.117918,0.17075,0.99245,0.251591,0.748528,0,upstairs
362,-0.2966789999999999,0.148055,0.091602,0.800983,0.142531,0.7483989999999999,0,upstairs
363,-0.3261199999999999,0.156539,0.120947,0.816048,0.076812,0.653517,0,upstairs
364,-0.281282,0.066817,0.145239,0.944091,-0.035024,0.538118,0,upstairs
365,-0.2352449999999999,0.046556,0.163317,1.023794,-0.10985,0.5334300000000001,0,upstairs
366,-0.227766,0.14379,0.204407,0.969919,-0.1557599999999999,0.605751,0,upstairs
367,-0.125145,0.204328,0.216554,0.915664,0.049233,0.5378109999999999,0,upstairs
368,0.1018309999999999,0.32839,0.261402,0.803025,0.248325,0.397901,0,upstairs
369,0.0962799999999999,0.436175,0.150825,0.27937,0.508026,0.37575,0,upstairs
370,-0.085236,0.590572,0.000813,-0.475851,0.326265,0.397414,0,upstairs
371,-0.104064,0.532834,0.149492,-0.8981870000000001,0.327757,0.1242019999999999,0,upstairs
372,0.037129,0.3799909999999999,0.215401,-1.209762,0.696642,-0.212801,0,upstairs
373,0.080977,0.285675,0.36622,-1.566504,0.674072,-0.386179,0,upstairs
374,-0.072448,0.322239,0.390611,-1.987285,0.961406,-0.481354,0,upstairs
375,-0.35384,0.372923,0.129475,-2.0952040000000003,1.334781,-0.785961,0,upstairs
376,-0.382736,0.352719,0.095427,-2.078564,1.4666370000000002,-1.273123,0,upstairs
377,-0.339015,0.2699789999999999,0.024765,-1.609962,1.418538,-1.3723379999999998,0,upstairs
378,-0.021493,0.2093719999999999,-0.35269,-1.628261,0.8372450000000001,-1.443291,0,upstairs
379,0.07506,0.163091,-0.390381,-2.121316,0.089019,-1.447913,0,upstairs
380,0.097973,0.05337,-0.23171,-2.458198,-0.293557,-1.652738,0,upstairs
381,0.064186,0.1645339999999999,0.057474,-2.777654,-0.704525,-1.965296,0,upstairs
382,0.17669,0.142242,0.352443,-2.521594,0.224656,-1.986062,0,upstairs
383,0.276006,-0.0128729999999999,-0.103353,-2.494493,0.215504,-1.852333,0,upstairs
384,0.257412,-0.05426,-0.4814229999999999,-2.681812,-0.399557,-1.857126,0,upstairs
385,0.045299,-0.071227,-0.467821,-2.836154,-0.918267,-1.74324,0,upstairs
386,-0.08031,-0.158274,-0.410288,-3.091727,-1.604998,-1.348903,0,upstairs
387,-0.085004,-0.344651,-0.2504099999999999,-3.011319,-1.99494,-0.873551,0,upstairs
388,-0.144647,-0.724197,-0.2377909999999999,-2.755072,-1.619954,-0.299675,0,upstairs
389,-0.030673,-0.608908,-0.174454,-2.12619,-1.055238,-0.0759519999999999,0,upstairs
390,0.053525,-0.375284,-0.314498,-1.55281,-0.900851,-0.02087,0,upstairs
391,0.079105,-0.356781,-0.307121,-0.912103,-0.799646,-0.044298,0,upstairs
392,0.021421,-0.370319,-0.256379,-0.277323,-0.570678,-0.045499,0,upstairs
393,-0.161597,-0.492025,-0.135492,0.302784,-0.318411,0.035142,0,upstairs
394,-0.164574,-0.5000720000000001,-0.127824,0.68543,-0.0284,0.172039,0,upstairs
395,-0.299168,-0.220863,-0.127002,0.961963,-0.007954,0.147239,0,upstairs
396,-0.264445,-0.1066059999999999,-0.070213,1.127109,0.0081409999999999,-0.02468,0,upstairs
397,-0.1720829999999999,-0.046374,0.131045,0.933366,0.394125,-0.21133,0,upstairs
398,0.008537,0.531303,1.1668,0.413059,1.200988,-0.671061,0,upstairs
399,-0.15786,0.392966,-0.299198,2.115568,-1.042771,-0.476833,0,upstairs
400,0.194442,0.20886,-0.077097,1.759151,-0.402947,-0.067777,0,upstairs
401,0.055906,-0.013784,-0.126572,1.826268,-0.811535,0.02081,0,upstairs
402,0.000953,-0.141181,-0.080461,2.548919,-0.25065,-0.2098699999999999,0,upstairs
403,0.2511489999999999,-0.025064,0.0268279999999999,2.310572,0.556998,0.2200599999999999,0,upstairs
404,0.348436,0.194515,0.087825,2.2275970000000003,0.590612,0.676637,0,upstairs
405,0.351911,0.156164,-0.027817,2.5050380000000003,1.216528,0.818778,0,upstairs
406,0.220054,0.120741,-0.069469,2.360512,1.556952,0.7938310000000001,0,upstairs
407,0.048126,0.0675149999999999,-0.139814,2.447475,1.6515650000000002,0.767612,0,upstairs
408,-0.164573,0.121069,-0.197239,2.196357,1.304181,0.744938,0,upstairs
409,-0.2514,0.163393,-0.155791,1.885543,1.040868,0.7954479999999999,0,upstairs
410,-0.279285,0.039317,-0.161016,1.634951,0.537032,0.7366590000000001,0,upstairs
411,-0.128088,-0.145764,-0.051998,1.584677,0.310144,0.776123,0,upstairs
412,-0.036926,-0.229642,-0.058019,1.548732,0.253378,0.883835,0,upstairs
413,-0.141739,-0.181841,-0.062124,1.298824,-0.1744109999999999,0.987323,0,upstairs
414,-0.146034,-0.201681,0.0054399999999999,1.1645,-0.172791,0.965018,0,upstairs
415,-0.153368,-0.1840369999999999,0.066926,1.092178,0.230626,0.842219,0,upstairs
416,-0.076455,-0.139328,0.135737,1.065803,0.641373,0.7111850000000001,0,upstairs
417,-0.1042,-0.058095,0.0992909999999999,0.984105,0.6993550000000001,0.6678109999999999,0,upstairs
418,-0.15752,-0.027941,0.154072,0.8914270000000001,0.697681,0.634051,0,upstairs
419,-0.2132889999999999,-0.033142,0.160691,0.935252,0.8916569999999999,0.572152,0,upstairs
420,-0.297847,-0.017504,0.052361,0.743095,0.690738,0.634092,0,upstairs
421,-0.322629,0.04423,0.085748,0.564807,0.486588,0.692929,0,upstairs
422,-0.348726,0.200889,0.103893,0.567358,0.5421229999999999,0.655488,0,upstairs
423,-0.3463199999999999,0.269378,0.093586,0.6906869999999999,0.422479,0.631934,0,upstairs
424,-0.349533,0.154817,0.1165099999999999,0.736196,0.127143,0.656131,0,upstairs
425,-0.292526,0.138695,0.090804,0.7109479999999999,0.042779,0.72977,0,upstairs
426,-0.123182,0.179075,0.107302,0.8399620000000001,0.101676,0.807508,0,upstairs
427,0.079026,0.2491139999999999,0.134414,0.910533,0.2331349999999999,0.90504,0,upstairs
428,0.150253,0.417892,0.1526809999999999,0.7955949999999999,0.360048,0.968168,0,upstairs
429,-0.142782,0.675185,-0.0596919999999999,0.302908,0.566616,0.886482,0,upstairs
430,-0.287084,0.7551260000000001,-0.113254,-0.201756,0.323254,0.645055,0,upstairs
431,0.060069,0.5275270000000001,0.223012,-0.369105,0.132991,0.418735,0,upstairs
432,0.153216,0.236656,0.3180949999999999,-0.6902,0.110689,0.147329,0,upstairs
433,0.013061,0.128368,0.3230929999999999,-1.146549,0.494267,-0.009106,0,upstairs
434,-0.193866,0.128064,0.354623,-1.259857,0.674618,-0.256888,0,upstairs
435,-0.338451,0.159356,0.306682,-1.164516,0.685134,-0.571361,0,upstairs
436,-0.383501,0.19409,0.237832,-1.370357,0.980543,-1.006875,0,upstairs
437,-0.351052,0.3095199999999999,0.066182,-1.346489,1.256238,-1.772977,0,upstairs
438,-0.168951,0.305956,-0.145086,-0.749689,0.8228120000000001,-2.058809,0,upstairs
439,-0.0661,0.185782,-0.310175,-1.139853,0.493635,-1.985269,0,upstairs
440,0.046541,-0.252804,-0.062896,-1.539479,-0.212884,-1.845082,0,upstairs
441,0.115273,-0.300404,-0.038786,-1.3113780000000002,-0.823617,-1.694223,0,upstairs
442,0.343856,-0.392468,-0.185797,-1.423483,-0.868814,-1.48344,0,upstairs
443,0.137792,-0.421834,-0.222234,-1.6773,-0.7978149999999999,-1.436166,0,upstairs
444,0.05509,-0.45315,-0.128132,-1.876393,-0.780729,-1.27414,0,upstairs
445,-0.076302,-0.379867,-0.03103,-1.465622,-0.721662,-1.216867,0,upstairs
446,-0.130575,-0.419281,-0.2378199999999999,-1.254206,-0.915127,-0.971588,0,upstairs
447,-0.115711,-0.416322,-0.234695,-1.143247,-1.054283,-0.634145,0,upstairs
448,0.009662,-0.4197399999999999,-0.1796569999999999,-0.94095,-0.8940809999999999,-0.379769,0,upstairs
449,0.116926,-0.4444149999999999,-0.1680549999999999,-0.7204619999999999,-0.923704,-0.089771,0,upstairs
450,0.1421589999999999,-0.45074,-0.085006,-0.298886,-0.8877860000000001,0.15241,0,upstairs
451,0.1077119999999999,-0.387531,0.014758,0.124965,-0.620536,0.3473469999999999,0,upstairs
452,0.097961,-0.318626,0.076744,0.498985,-0.327394,0.507681,0,upstairs
453,0.0530559999999999,-0.286439,0.089884,0.724472,-0.093362,0.660643,0,upstairs
454,-0.068923,-0.245255,0.134689,0.843411,0.108275,0.7488100000000001,0,upstairs
455,-0.222252,-0.161146,0.141692,0.932804,0.264683,0.718255,0,upstairs
456,-0.301715,-0.114909,0.186937,1.078964,0.196268,0.650998,0,upstairs
457,-0.361531,-0.043235,0.289589,1.2711290000000002,0.1161369999999999,0.543484,0,upstairs
458,-0.343694,0.070977,0.320346,1.284569,0.165465,0.450579,0,upstairs
459,-0.324076,0.169251,0.298742,0.912862,0.124884,0.265369,0,upstairs
460,-0.253483,0.310342,0.327377,0.244104,0.06466,-0.077851,0,upstairs
461,-0.224576,0.177675,0.468199,-0.274111,0.185445,-0.2632239999999999,0,upstairs
462,-0.240222,0.120247,0.524566,-0.4636409999999999,0.446275,-0.324702,0,upstairs
463,0.020551,-0.066104,0.448177,0.040448,0.467377,-0.178066,0,upstairs
464,0.4012679999999999,-0.094161,0.27845,0.649193,0.405555,0.101866,0,upstairs
465,0.658673,0.30282,0.173722,0.638556,0.294324,0.221575,0,upstairs
466,0.585444,1.069037,-0.071031,0.184604,0.6516029999999999,-0.020267,0,upstairs
467,0.118696,0.678238,0.146984,-0.515745,0.719071,-0.5668340000000001,0,upstairs
468,-0.089285,-0.7408680000000001,-0.086583,0.671715,1.664121,-0.568296,0,upstairs
469,0.249617,-1.416425,-0.354313,1.731915,2.136682,0.215101,0,upstairs
470,0.076917,0.064473,-0.16706,1.7369419999999998,0.837424,0.648363,0,upstairs
471,-0.12805,0.717816,-0.134154,1.688366,1.683115,0.192945,0,upstairs
472,-0.2536469999999999,1.065823,-0.363082,1.3105719999999998,2.162618,0.221739,0,upstairs
473,0.008652,0.303532,-0.2051889999999999,1.101586,1.801653,-0.170228,0,upstairs
474,0.172821,-0.401473,0.1876799999999999,1.377931,0.8728790000000001,0.086061,0,upstairs
475,0.21522,-0.4934949999999999,0.209275,1.953073,1.5307959999999998,0.491955,0,upstairs
476,0.2666739999999999,-0.097675,-0.080729,2.076775,2.447647,0.472417,0,upstairs
477,0.202468,-0.01834,-0.238596,1.694984,2.638923,0.389388,0,upstairs
478,0.103242,0.030364,-0.307663,1.339113,2.246102,0.364973,0,upstairs
479,-0.125855,0.069332,-0.152774,1.276859,2.328633,0.292861,0,upstairs
480,-0.177438,0.030694,-0.106215,1.306397,2.361014,0.161635,0,upstairs
481,-0.182142,0.015009,-0.117641,1.169129,2.11683,0.073395,0,upstairs
482,-0.1743,0.016784,-0.145044,1.059828,1.731747,0.031464,0,upstairs
483,-0.22478,0.036883,0.004574,0.8577020000000001,1.6513810000000002,0.0579289999999999,0,upstairs
484,-0.208696,0.0399,0.074032,0.805248,1.649284,0.094953,0,upstairs
485,-0.129018,0.039241,0.063688,0.792288,1.607809,0.088506,0,upstairs
486,-0.144348,-0.041496,-0.00539,0.691262,1.23732,0.119254,0,upstairs
487,-0.133249,-0.078902,0.09717,0.7186680000000001,1.017408,0.211594,0,upstairs
488,-0.1169019999999999,-0.04456,0.104735,0.687909,0.871367,0.262841,0,upstairs
489,-0.132177,-0.0009699999999999,0.129638,0.68299,0.76258,0.299266,0,upstairs
490,-0.142311,0.074879,0.11819,0.659054,0.683735,0.323769,0,upstairs
491,-0.143525,0.0551039999999999,0.09606,0.5825560000000001,0.769165,0.33808,0,upstairs
492,-0.14607,0.025292,0.1042599999999999,0.453856,1.022373,0.265286,0,upstairs
493,-0.144861,0.0290379999999999,0.2203909999999999,0.56428,1.089309,0.213628,0,upstairs
494,-0.204193,0.048388,0.137271,0.461655,1.00036,0.169228,0,upstairs
495,-0.229307,0.1082569999999999,0.001751,0.4377279999999999,0.8610450000000001,0.1307839999999999,0,upstairs
496,-0.206432,0.200476,0.176714,0.467416,1.025123,0.098734,0,upstairs
497,-0.161718,0.200811,0.22549,0.3341659999999999,1.163506,-0.026288,0,upstairs
498,-0.11054,0.324914,0.185779,0.2070429999999999,1.226293,-0.166125,0,upstairs
499,-0.211589,0.312136,0.214115,-0.0798929999999999,1.315295,-0.329545,0,upstairs
500,-0.173644,0.3734099999999999,0.081848,-0.49218,1.61416,-0.652177,0,upstairs
501,0.112187,0.404607,0.225855,-0.838794,2.003475,-1.006542,0,upstairs
502,0.11723,0.385141,0.223163,-1.5014040000000002,2.166875,-1.067995,0,upstairs
503,0.179731,0.214887,0.307106,-2.644966,2.7606740000000003,-0.985945,0,upstairs
504,0.497155,-0.010656,0.277489,-2.992881,3.337801,-0.6216470000000001,0,upstairs
505,0.6524479999999999,-0.072136,0.123295,-2.586577,4.28656,-0.341219,0,upstairs
506,0.653946,0.2129599999999999,-0.750183,-2.692883,3.017904,-0.270901,0,upstairs
507,0.224083,0.348977,-0.4399079999999999,-2.89334,2.01214,-0.593615,0,upstairs
508,-0.04855,0.564133,-0.1215869999999999,-2.295195,1.979798,-1.015616,0,upstairs
509,0.009327,0.298376,-0.159451,-1.664111,1.8012400000000002,-0.5997140000000001,0,upstairs
510,0.12572,0.1108789999999999,-0.364501,-1.949936,1.228647,-0.483472,0,upstairs
511,0.1202869999999999,-0.080676,-0.49868,-2.203433,0.486467,-0.609274,0,upstairs
512,-0.104613,-0.315091,-0.34205,-1.861205,0.144698,-0.4195069999999999,0,upstairs
513,-0.123124,-0.393731,-0.408777,-1.61181,-0.100102,0.1091819999999999,0,upstairs
514,-0.006285,-0.391787,-0.391155,-1.382961,-0.395052,0.410261,0,upstairs
515,0.151467,-0.427359,-0.281264,-1.012712,-0.149089,0.650746,0,upstairs
516,0.169878,-0.401456,-0.270273,-0.42798,0.043112,0.829772,0,upstairs
517,0.149628,-0.400057,-0.273202,0.238578,0.1488,0.994526,0,upstairs
518,0.0040869999999999,-0.392575,-0.1864819999999999,0.8663540000000001,0.374071,1.124672,0,upstairs
519,-0.111178,-0.405754,-0.14979,1.372842,0.663726,1.243207,0,upstairs
520,-0.163071,-0.40281,-0.133161,1.724084,0.707279,1.235991,0,upstairs
521,-0.2702719999999999,-0.204363,-0.023824,1.932127,0.51982,1.048609,0,upstairs
522,-0.349452,0.0609799999999999,0.1651119999999999,1.788285,0.301811,0.547956,0,upstairs
523,-0.4488569999999999,0.417879,0.380432,1.449638,0.61303,0.003603,0,upstairs
524,-0.567469,0.596305,0.430472,0.847093,0.8284959999999999,-0.076726,0,upstairs
525,-0.124778,0.3300619999999999,0.603504,0.595653,1.426586,-0.508674,0,upstairs
526,0.03171,0.165415,0.493092,0.5141399999999999,1.300227,-0.54006,0,upstairs
527,0.219363,0.020125,0.171273,0.213298,0.311919,-0.346478,0,upstairs
528,0.377822,0.09694,0.038018,0.1435789999999999,-0.116598,-0.217161,0,upstairs
529,0.487085,0.026128,0.065947,0.836675,0.186223,0.176125,0,upstairs
530,0.596687,0.458941,-0.121816,1.211347,1.065619,0.780092,0,upstairs
531,0.875093,1.062646,-0.3312219999999999,0.2487079999999999,1.0853389999999998,0.147365,0,upstairs
532,0.215279,0.223514,-0.008119,0.443372,1.690388,-0.546395,0,upstairs
533,0.155134,-1.052899,-0.579429,1.402683,3.29197,-0.164664,0,upstairs
534,0.8750100000000001,-1.019547,-0.348308,0.891875,2.02714,0.8962690000000001,0,upstairs
535,0.552841,-0.366096,-0.233724,1.5312370000000002,1.765456,1.047417,0,upstairs
536,-0.33376,0.880085,-0.604925,2.460201,2.973712,0.184961,0,upstairs
537,-0.42987,1.274578,-0.809095,1.468599,3.233179,-0.1716059999999999,0,upstairs
538,-0.134355,0.365124,-0.227029,0.915479,1.853797,-0.262364,0,upstairs
539,0.168908,-0.587972,0.081616,0.784866,0.53494,0.660289,0,upstairs
540,0.2958909999999999,-0.333753,-0.274817,1.155338,0.8839090000000001,0.7158399999999999,0,upstairs
541,0.144951,-0.11514,-0.25258,1.0615629999999998,1.910949,0.768349,0,upstairs
542,0.0048909999999999,0.375753,-0.280761,0.769962,2.002795,0.69676,0,upstairs
543,-0.039053,0.386345,-0.194596,0.601546,1.7669130000000002,0.4245569999999999,0,upstairs
544,-0.122663,0.168272,0.128636,0.774953,2.1666,0.222294,0,upstairs
545,-0.083549,-0.056672,-0.034989,0.663579,2.275789,0.186125,0,upstairs
546,-0.10485,-0.082077,-0.167124,0.498756,1.7891119999999998,0.290283,0,upstairs
547,-0.161348,-0.084796,-0.199701,0.471742,1.506783,0.321434,0,upstairs
548,-0.182444,-0.008904,-0.032177,0.510847,1.337618,0.23433,0,upstairs
549,-0.1498,0.032981,0.04593,0.508681,1.455259,0.120933,0,upstairs
550,-0.022588,-0.0137349999999999,0.029717,0.531091,1.233572,0.126746,0,upstairs
551,-0.077676,-0.133938,0.091956,0.472759,0.997699,0.28901,0,upstairs
552,-0.101063,-0.0312089999999999,0.081616,0.348432,0.910622,0.327778,0,upstairs
553,-0.0807399999999999,-0.001535,0.081561,0.436059,1.015484,0.401963,0,upstairs
554,0.044379,0.097094,0.045469,0.455579,1.080419,0.396675,0,upstairs
555,0.1456309999999999,0.17734,0.094447,0.462335,1.214398,0.4520979999999999,0,upstairs
556,0.222661,0.346394,0.174118,0.381311,1.304918,0.529396,0,upstairs
557,0.013658,0.360914,0.078591,0.1036079999999999,1.053195,0.583327,0,upstairs
558,-0.064445,0.400733,0.037888,-0.295883,0.848324,0.481454,0,upstairs
559,-0.300315,0.487756,-0.307286,-0.527612,0.561405,0.239853,0,upstairs
560,0.480103,0.464326,0.2872949999999999,-0.283584,0.012822,-0.245917,0,upstairs
561,0.513278,0.270928,0.34546,-0.537341,0.282173,-0.251239,0,upstairs
562,0.430179,0.146423,0.329605,-0.931024,1.286812,-0.197592,0,upstairs
563,0.071264,0.1148329999999999,0.082262,-1.109834,2.033374,-0.259619,0,upstairs
564,0.031018,0.232334,-0.08436,-1.265574,1.944704,-0.593878,0,upstairs
565,-0.001082,0.241138,-0.067974,-1.782387,2.039258,-0.8806879999999999,0,upstairs
566,-0.035606,0.187834,-0.172532,-2.147376,1.640535,-1.019459,0,upstairs
567,0.03885,0.145995,-0.047681,-2.106914,1.31046,-1.094597,0,upstairs
568,0.224081,0.168757,-0.0260959999999999,-2.148268,1.374492,-1.08749,0,upstairs
569,0.377777,0.2272969999999999,-0.145709,-2.281076,0.9798,-1.369923,0,upstairs
570,0.376479,0.16672,-0.135801,-2.134015,1.047995,-1.501443,0,upstairs
571,0.313799,0.15129,-0.211727,-1.850419,1.080678,-1.661873,0,upstairs
572,0.244418,0.167983,-0.375938,-2.248281,0.436204,-1.85397,0,upstairs
573,0.179361,0.230458,-0.306003,-2.755366,-0.349361,-2.098992,0,upstairs
574,0.261028,0.016089,-0.348144,-3.183107,-1.272453,-1.854037,0,upstairs
575,0.290575,-0.174665,-0.356008,-3.279809,-1.763535,-1.240924,0,upstairs
576,0.278223,-0.290432,-0.367778,-3.19482,-1.472376,-0.866826,0,upstairs
577,0.253852,-0.314268,-0.319721,-2.815743,-1.099924,-0.564485,0,upstairs
578,0.156118,-0.328966,-0.31073,-2.503551,-0.841425,-0.212259,0,upstairs
579,0.1358089999999999,-0.3533989999999999,-0.229839,-1.842909,-0.538999,0.041932,0,upstairs
580,0.1738,-0.228118,-0.253659,-1.14016,-0.645604,0.251008,0,upstairs
581,0.166209,-0.112595,-0.292166,-0.462381,-1.002904,0.30427,0,upstairs
582,0.058869,-0.149644,-0.295265,0.193715,-1.10283,0.216046,0,upstairs
583,-0.079736,-0.2999219999999999,-0.232477,0.800357,-0.770251,0.169651,0,upstairs
584,-0.0798519999999999,-0.353171,-0.182694,1.316351,-0.2124989999999999,0.102037,0,upstairs
585,-0.071821,-0.364899,-0.264939,1.711509,0.015561,0.0030239999999999,0,upstairs
586,-0.100032,-0.301464,-0.353546,1.837046,0.105945,-0.064581,0,upstairs
587,0.051484,-0.170447,-0.035682,0.945218,0.7782899999999999,-0.129356,0,upstairs
588,0.05777,1.162258,0.645404,0.236841,0.4826399999999999,-0.438368,0,upstairs
589,-0.185633,0.917646,-0.480346,2.752551,-1.178497,-0.661154,0,upstairs
590,0.414277,-0.0182169999999999,-0.0111989999999999,1.183068,-0.4993899999999999,0.034176,0,upstairs
591,0.161728,-0.234753,-0.350533,1.802725,-0.3119139999999999,0.032923,0,upstairs
592,0.27193,-0.1098359999999999,-0.260294,1.75718,0.496806,0.294351,0,upstairs
593,0.671944,0.384325,-0.0118079999999999,1.48924,0.507369,0.8148270000000001,0,upstairs
594,0.544787,0.298721,-0.086236,2.031944,1.080977,0.754857,0,upstairs
595,0.472912,0.131366,-0.129514,2.4281200000000003,1.863678,0.747008,0,upstairs
596,0.271993,-0.002439,-0.246995,2.376036,1.989229,0.8298040000000001,0,upstairs
597,0.02337,0.284338,-0.309377,2.106739,1.572905,0.747272,0,upstairs
598,-0.050167,0.361874,-0.2866309999999999,1.718679,1.052714,0.635201,0,upstairs
599,-0.098951,0.1874819999999999,-0.299513,1.281425,0.4689279999999999,0.48548,0,upstairs
600,-0.071682,0.0403769999999999,-0.229041,1.087677,0.212404,0.599852,0,upstairs
601,0.1112089999999999,-0.282139,-0.0502079999999999,1.199422,0.2139989999999999,0.902937,0,upstairs
602,0.204328,-0.217148,-0.0913669999999999,1.257668,0.227203,1.013354,0,upstairs
603,0.192421,-0.141955,-0.079329,1.181734,0.123323,0.949932,0,upstairs
604,0.106667,-0.035624,-0.08766,1.136439,0.2364659999999999,0.933447,0,upstairs
605,0.050834,-0.004376,-0.0757,1.203325,0.574183,0.8693879999999999,0,upstairs
606,0.020343,-0.066299,-0.081054,1.049404,0.512921,0.8715959999999999,0,upstairs
607,0.037891,-0.084073,-0.051841,0.954487,0.42522,0.7749060000000001,0,upstairs
608,-0.017399,-0.109339,0.0554919999999999,1.016233,0.638039,0.780405,0,upstairs
609,-0.07137,-0.062557,0.005958,0.932965,0.616002,0.76917,0,upstairs
610,-0.109844,-0.0267019999999999,0.01676,0.934782,0.557358,0.781008,0,upstairs
611,-0.249162,0.129039,-0.007426,0.934579,0.296279,0.802705,0,upstairs
612,-0.247652,0.128407,0.017693,1.051445,0.1309789999999999,0.7471180000000001,0,upstairs
613,-0.1996369999999999,0.093433,0.032293,1.045142,-0.145724,0.685471,0,upstairs
614,-0.065787,0.039166,0.147946,0.991576,-0.375864,0.742008,0,upstairs
615,-0.124014,0.009115,0.195349,1.0356530000000002,-0.213385,0.8307700000000001,0,upstairs
616,-0.133528,-0.0035159999999999,0.175853,1.028935,0.099133,0.738456,0,upstairs
617,0.144692,0.077488,0.065882,0.6711600000000001,0.182697,0.664279,0,upstairs
618,-0.048355,0.39602,-0.085713,-0.095523,-0.045465,0.5780310000000001,0,upstairs
619,-0.083639,0.412608,-0.069361,-0.574797,-0.0664049999999999,0.369611,0,upstairs
620,0.20371,0.363604,0.099702,-0.825752,0.276633,0.050157,0,upstairs
621,0.362906,0.371921,0.188467,-1.096951,0.542421,-0.114448,0,upstairs
622,0.22963,0.27781,0.260455,-1.127042,0.595272,-0.251458,0,upstairs
623,-0.016752,0.320315,0.229473,-1.462178,0.415837,-0.642402,0,upstairs
624,-0.409233,0.540258,0.230933,-1.792148,1.550056,-1.345846,0,upstairs
625,-0.449135,0.664762,-0.035741,-1.81283,2.561195,-1.908102,0,upstairs
626,-0.068142,0.5077020000000001,-0.1895859999999999,-1.357923,1.376557,-1.7570599999999998,0,upstairs
627,0.356338,0.140723,-0.191872,-1.530477,0.369157,-1.163043,0,upstairs
628,0.60841,-0.040487,-0.227492,-2.133147,0.543132,-1.257207,0,upstairs
629,0.505076,-0.008024,-0.313366,-2.371317,-1.022825,-1.582671,0,upstairs
630,0.332731,0.404476,0.013324,-2.421123,-0.6842159999999999,-2.034243,0,upstairs
631,0.2101219999999999,0.433246,0.133107,-2.550928,0.114099,-2.027627,0,upstairs
632,0.46643,0.266633,-0.241382,-2.81779,-0.036713,-1.910725,0,upstairs
633,0.451335,-0.005005,-0.408034,-2.851843,-0.415077,-1.833566,0,upstairs
634,0.248619,-0.166213,-0.324448,-3.039818,-0.8195819999999999,-1.479711,0,upstairs
635,0.145877,-0.119598,-0.400206,-3.345791,-1.436449,-1.19691,0,upstairs
636,0.083574,-0.098563,-0.332815,-3.223837,-1.58278,-0.939498,0,upstairs
637,0.063528,-0.333313,-0.433764,-3.002471,-1.408971,-0.641209,0,upstairs
638,0.18842,-0.4190819999999999,-0.452161,-2.551908,-1.230817,-0.296459,0,upstairs
639,0.247454,-0.3664929999999999,-0.4677729999999999,-2.038152,-1.289158,-0.005444,0,upstairs
640,0.201325,-0.279742,-0.505143,-1.546335,-1.443558,0.084716,0,upstairs
641,0.113256,-0.2604849999999999,-0.430627,-0.684042,-1.311585,0.166413,0,upstairs
642,0.008714,-0.385231,-0.217153,0.166366,-0.860559,0.124774,0,upstairs
643,-0.070077,-0.37936,-0.14249,0.758316,-0.536198,0.015261,0,upstairs
644,-0.174156,-0.3096219999999999,-0.09132,1.326208,-0.202837,-0.192707,0,upstairs
645,-0.245312,-0.28629,-0.070873,1.887182,0.380375,-0.272857,0,upstairs
646,0.030486,-0.226091,0.296246,1.349944,0.900433,0.141467,0,upstairs
647,0.48076,0.755622,0.512251,1.297798,-0.141799,0.018524,0,upstairs
648,-0.0064269999999999,1.200432,0.564824,2.9769490000000003,0.151972,-0.841792,0,upstairs
649,0.2701659999999999,0.575204,-0.199587,1.6877529999999998,-1.667848,-0.4414729999999999,0,upstairs
650,0.104142,-0.331389,-0.0742289999999999,2.002035,-0.756253,-0.377421,0,upstairs
651,0.0491399999999999,-0.4612449999999999,-0.315011,2.209932,0.135962,-0.170919,0,upstairs
652,0.4631979999999999,0.040487,0.052549,1.95318,0.682647,0.53375,0,upstairs
653,0.407096,0.44204,-0.252312,2.285423,0.828413,0.822167,0,upstairs
654,0.303573,0.3764409999999999,-0.268263,2.299608,1.183864,0.631667,0,upstairs
655,0.14063,0.228957,-0.290127,2.167231,0.975232,0.4397979999999999,0,upstairs
656,0.001762,0.068975,-0.2509139999999999,1.949642,0.787288,0.4759069999999999,0,upstairs
657,-0.027597,0.036251,-0.2261389999999999,1.580541,0.4238409999999999,0.576344,0,upstairs
658,-0.009907,-0.0151639999999999,-0.232727,1.222812,-0.005753,0.6919,0,upstairs
659,0.076698,-0.162017,-0.060788,1.024819,-0.055484,0.779243,0,upstairs
660,0.1220089999999999,-0.204252,-0.015054,1.1006049999999998,-0.019641,0.8075,0,upstairs
661,0.081974,-0.21516,-0.00567,1.243684,-0.0041189999999999,0.797797,0,upstairs
662,-0.105209,-0.126114,-0.0690409999999999,1.363892,0.135094,0.778162,0,upstairs
663,-0.194022,-0.033851,-0.14662,1.192774,0.196747,0.693567,0,upstairs
664,-0.162986,0.009684,-0.14082,0.927097,0.062902,0.562628,0,upstairs
665,-0.051365,-0.071004,-0.014693,0.7124010000000001,0.065436,0.381664,0,upstairs
666,0.081434,-0.137944,0.091448,0.582598,0.050292,0.285705,0,upstairs
667,0.064993,-0.0808909999999999,0.148204,0.6372479999999999,0.243417,0.4268439999999999,0,upstairs
668,-0.046903,0.0243409999999999,0.018494,0.774871,0.527174,0.475512,0,upstairs
669,-0.064216,0.125563,-0.071909,0.684281,0.331397,0.495426,0,upstairs
670,-0.0169199999999999,0.157071,-0.0553149999999999,0.630854,0.080161,0.499648,0,upstairs
671,0.025797,0.1827099999999999,0.014247,0.763335,-0.114188,0.50189,0,upstairs
672,-0.002676,0.229726,0.010994,0.857691,-0.227514,0.5219229999999999,0,upstairs
673,-0.01334,0.178917,0.008317,0.8985219999999999,-0.314291,0.608845,0,upstairs
674,0.09295,0.120996,0.090942,0.8731690000000001,-0.400871,0.703851,0,upstairs
675,0.128055,0.248412,0.203672,0.769465,-0.1620869999999999,0.753027,0,upstairs
676,0.134772,0.391899,0.1911119999999999,0.440867,0.211251,0.648772,0,upstairs
677,-0.067566,0.465227,-0.023693,-0.2978099999999999,0.4509149999999999,0.4958909999999999,0,upstairs
678,-0.393993,0.605004,-0.203559,-1.138659,0.469516,0.303055,0,upstairs
679,-0.0749809999999999,0.35229,-0.097605,-1.394452,0.479968,-0.223243,0,upstairs
680,0.4379399999999999,0.208075,0.264453,-1.233049,0.273843,-0.497452,0,upstairs
681,0.137895,0.091383,0.28219,-1.155875,0.476545,-0.373259,0,upstairs
682,-0.08715,0.0917429999999999,0.206967,-1.274579,1.302686,-0.674249,0,upstairs
683,-0.398991,0.209859,0.059528,-1.451063,2.0120560000000003,-1.293823,0,upstairs
684,-0.449758,0.247585,-0.187466,-1.412193,1.244495,-1.452801,0,upstairs
685,-0.042453,0.34329,-0.411554,-1.264301,0.295518,-1.360822,0,upstairs
686,0.366725,0.2392969999999999,-0.711545,-1.614051,-0.36696,-1.354938,0,upstairs
687,0.5274369999999999,-0.009627,-0.5541739999999999,-2.195232,-0.203425,-1.254522,0,upstairs
688,0.456064,-0.078769,0.015116,-2.652002,-0.8298610000000001,-1.377618,0,upstairs
689,0.532022,0.074278,0.561138,-2.059125,-0.147227,-1.573041,0,upstairs
690,0.429415,0.210204,-0.309242,-2.019017,0.5520729999999999,-1.727481,0,upstairs
691,0.402913,0.217082,-0.458287,-2.321092,0.2686429999999999,-1.981328,0,upstairs
692,0.192027,-0.010753,-0.4927899999999999,-2.699952,-0.2211699999999999,-1.972665,0,upstairs
693,-0.071056,-0.317849,-0.261606,-2.860817,-0.685746,-1.538427,0,upstairs
694,-0.058723,-0.334833,-0.245502,-2.924593,-1.067899,-1.021363,0,upstairs
695,0.029653,-0.43163,-0.3155679999999999,-2.899177,-1.338386,-0.534798,0,upstairs
696,0.083186,-0.504424,-0.367894,-2.628899,-1.069403,-0.1038299999999999,0,upstairs
697,0.245746,-0.417689,-0.395733,-2.201921,-0.914611,0.2429219999999999,0,upstairs
698,0.360869,-0.2032,-0.359668,-1.781496,-0.665611,0.47948,0,upstairs
699,0.251842,-0.117518,-0.415293,-1.261651,-0.52394,0.5641149999999999,0,upstairs
700,0.1887869999999999,-0.123221,-0.3538,-0.607923,-0.6643859999999999,0.487676,0,upstairs
701,-0.1547069999999999,-0.20132,-0.0973059999999999,0.163991,-0.445993,0.348578,0,upstairs
702,-0.202876,-0.190813,-0.020308,0.7577229999999999,-0.217417,0.21359,0,upstairs
703,-0.22121,-0.12579,-0.05301,1.165017,-0.2202309999999999,0.031636,0,upstairs
704,-0.13639,0.165633,0.1750789999999999,1.363673,0.318886,-0.428071,0,upstairs
705,0.033886,0.348838,0.6161949999999999,1.057926,0.433768,-0.653612,0,upstairs
706,0.090525,0.5585140000000001,0.361829,0.808183,-0.198538,-0.554134,0,upstairs
707,0.028964,0.422574,-0.234105,1.794029,-0.6620739999999999,-0.30844,0,upstairs
708,0.243767,0.037005,0.103102,1.318061,-1.064349,0.269864,0,upstairs
709,0.069319,-0.232185,-0.203696,1.984977,-0.6318819999999999,-0.032612,0,upstairs
710,0.381108,0.047303,-0.021248,2.129515,0.340574,-0.122579,0,upstairs
711,0.4904779999999999,0.327559,0.0485899999999999,1.924852,0.498583,0.233643,0,upstairs
712,0.382874,0.247981,-0.025168,2.35206,0.568699,0.443773,0,upstairs
713,0.273205,0.1132799999999999,-0.080764,2.470362,1.067693,0.496302,0,upstairs
714,0.214135,0.1142519999999999,-0.2023829999999999,2.400318,1.203015,0.5490510000000001,0,upstairs
715,0.141353,0.124564,-0.2437639999999999,2.270942,0.92746,0.5730689999999999,0,upstairs
716,0.0653059999999999,0.166907,-0.256996,1.963725,0.519239,0.628062,0,upstairs
717,0.067549,0.062901,-0.233979,1.60549,0.121978,0.650638,0,upstairs
718,0.079441,0.005934,-0.160624,1.439086,-0.082082,0.676443,0,upstairs
719,0.0873419999999999,-0.129526,-0.15719,1.407255,-0.205842,0.751155,0,upstairs
720,-0.000641,-0.2081239999999999,-0.1363089999999999,1.35281,-0.353054,0.849239,0,upstairs
721,-0.058499,-0.201369,-0.108786,1.2169370000000002,-0.287247,0.760612,0,upstairs
722,-0.088956,-0.186554,-0.136579,1.163342,-0.214184,0.651185,0,upstairs
723,-0.064086,-0.128264,-0.119476,1.044045,-0.134021,0.6876369999999999,0,upstairs
724,-0.021253,-0.110796,-0.048125,0.779698,-0.042702,0.724129,0,upstairs
725,0.059503,-0.033691,0.105897,0.941832,0.346937,0.646782,0,upstairs
726,0.062655,0.006125,0.033354,0.995928,0.556437,0.689621,0,upstairs
727,0.019291,-0.04004,0.0104319999999999,0.820682,0.4635399999999999,0.8957510000000001,0,upstairs
728,-0.051824,-0.013961,0.1598089999999999,0.915475,0.519301,0.988208,0,upstairs
729,-0.25733,0.2368469999999999,0.0551309999999999,1.23787,0.7018,0.890882,0,upstairs
730,-0.4512739999999999,0.420645,-0.167513,1.315346,0.142128,0.6582,0,upstairs
731,-0.333688,0.302227,-0.128289,1.039682,-0.400403,0.441188,0,upstairs
732,-0.174809,0.097444,-0.0020039999999999,0.741009,-0.895647,0.406622,0,upstairs
733,0.062633,0.153158,0.1710819999999999,0.476638,-0.843607,0.408982,0,upstairs
734,0.243878,0.311323,0.337061,0.135706,-0.287314,0.383455,0,upstairs
735,0.273485,0.476804,0.266277,-0.4421199999999999,0.676859,0.060921,0,upstairs
736,0.009904,0.5193770000000001,-0.055552,-1.244782,0.761973,-0.015297,0,upstairs
737,0.212797,0.3306989999999999,0.028198,-1.450955,0.8290790000000001,-0.3672,0,upstairs
738,0.470175,0.249163,0.396235,-1.390623,0.618362,-0.471195,0,upstairs
739,0.358441,0.187691,0.443532,-1.4863959999999998,0.555254,-0.590355,0,upstairs
740,-0.339048,0.266744,0.181627,-1.931301,1.886524,-0.922045,0,upstairs
741,-0.483347,0.43963,-0.161569,-1.685323,2.474294,-2.133512,0,upstairs
742,-0.415125,0.5850920000000001,-0.454604,-0.812022,1.222467,-2.325565,0,upstairs
743,0.266785,0.222621,-0.936355,-0.905388,-0.523237,-2.049447,0,upstairs
744,0.372489,0.036251,-0.730409,-1.7155919999999998,-0.863298,-1.82073,0,upstairs
745,0.417707,0.021938,-0.032418,-3.195786,-0.4725439999999999,-1.818751,0,upstairs
746,0.947827,-0.1887849999999999,0.491287,-2.979253,-0.67588,-1.773181,0,upstairs
747,0.713588,-0.135496,-0.442697,-2.369253,-0.190386,-1.7011759999999998,0,upstairs
748,0.5228430000000001,0.0124549999999999,-0.635011,-2.619642,-0.104452,-1.92843,0,upstairs
749,-0.055335,-0.00297,-0.341203,-2.963205,-0.5486840000000001,-1.893941,0,upstairs
750,-0.161244,-0.054164,-0.290659,-2.940526,-0.711553,-1.410718,0,upstairs
751,0.0668779999999999,-0.1597589999999999,-0.4588899999999999,-3.179094,-1.5659299999999998,-0.931658,0,upstairs
752,0.2095489999999999,-0.376749,-0.508509,-3.124048,-1.805015,-0.5976819999999999,0,upstairs
753,0.347742,-0.553408,-0.467529,-2.694608,-1.4240540000000002,-0.335592,0,upstairs
754,0.351554,-0.422381,-0.2822139999999999,-2.065517,-0.975754,-0.036943,0,upstairs
755,0.160706,-0.172336,-0.353923,-1.370494,-0.483422,0.115763,0,upstairs
756,0.120807,-0.173255,-0.425855,-0.8951309999999999,-0.358281,0.110378,0,upstairs
757,0.080577,-0.260237,-0.459762,-0.337239,-0.373031,0.118566,0,upstairs
758,-0.088668,-0.333328,-0.175361,0.361575,-0.340443,0.154384,0,upstairs
759,-0.165276,-0.224439,-0.09607,0.972033,-0.0517799999999999,0.164688,0,upstairs
760,-0.1826,-0.209754,-0.113417,1.384395,0.162547,0.022015,0,upstairs
761,-0.103324,-0.171878,-0.016577,1.711857,0.314021,-0.046394,0,upstairs
762,0.121198,1.200885,1.127956,0.889308,1.190837,0.110175,0,upstairs
763,0.141248,1.192326,1.137546,0.719761,0.170085,-0.22085,0,upstairs
764,0.086577,0.714028,-0.082894,2.042104,-1.409026,-0.474509,0,upstairs
765,0.446614,-0.266009,0.122011,1.754018,-0.760837,0.181741,0,upstairs
766,0.097438,-0.433176,-0.191227,2.610304,-0.136512,-0.04595,0,upstairs
767,0.186031,0.011161,0.06515,2.650907,0.8252950000000001,-0.046899,0,upstairs
768,0.489759,0.45482,0.119796,2.253931,0.536203,0.397215,0,upstairs
769,0.4114319999999999,0.377254,0.001925,2.280181,0.69913,0.655699,0,upstairs
770,0.279543,-0.0363649999999999,-0.140759,2.351217,1.363407,0.707687,0,upstairs
771,0.178142,-0.182533,-0.231312,2.310345,1.402512,0.820583,0,upstairs
772,0.1375849999999999,0.033001,-0.2902929999999999,2.277472,1.262861,0.873944,0,upstairs
773,0.111008,0.322212,-0.295963,2.076545,0.943992,0.8697440000000001,0,upstairs
774,0.03555,0.360375,-0.382643,1.740525,0.106276,0.7306699999999999,0,upstairs
775,0.014256,0.13972,-0.168406,1.497577,0.081927,0.637137,0,upstairs
776,0.094428,-0.2230489999999999,-0.075749,1.486904,0.218829,0.775756,0,upstairs
777,0.212732,-0.372169,-0.1123589999999999,1.473634,0.11565,1.015077,0,upstairs
778,0.168924,-0.2973139999999999,-0.145471,1.171307,-0.1350029999999999,1.08913,0,upstairs
779,0.068577,-0.156966,-0.063962,1.165817,0.050443,1.071763,0,upstairs
780,-0.041971,0.023829,-0.144294,1.101129,0.317221,1.013285,0,upstairs
781,-0.061661,0.021948,-0.08837,0.98403,0.438704,0.838191,0,upstairs
782,-0.072453,-0.017123,-0.077739,1.089839,0.406564,0.525982,0,upstairs
783,-0.05852,-0.092089,0.002855,1.111444,0.239089,0.297748,0,upstairs
784,-0.065973,-0.090407,0.015951,0.958802,0.246977,0.322309,0,upstairs
785,-0.0627,-0.025461,-0.035445,0.6655800000000001,0.131548,0.4047989999999999,0,upstairs
786,-0.053408,-0.014844,0.008165,0.424066,0.099142,0.459769,0,upstairs
787,-0.014388,-0.006152,0.003535,0.422626,-0.02108,0.422525,0,upstairs
788,-0.036372,0.00202,0.059052,0.536547,0.138417,0.3974789999999999,0,upstairs
789,-0.020972,0.034137,0.0308269999999999,0.601264,0.270384,0.373193,0,upstairs
790,0.000541,0.031563,0.121464,0.640779,0.114424,0.446308,0,upstairs
791,-0.125846,0.090278,0.1067579999999999,0.669131,-0.078012,0.5930989999999999,0,upstairs
792,-0.1343599999999999,0.130151,0.05127,0.720712,-0.148839,0.67794,0,upstairs
793,-0.007689,0.16441,0.0568169999999999,0.7446149999999999,-0.097609,0.6331760000000001,0,upstairs
794,0.1100339999999999,0.254758,0.1009679999999999,0.772159,0.012356,0.548838,0,upstairs
795,-0.030733,0.457558,-0.038908,0.6605,0.2081849999999999,0.424961,0,upstairs
796,-0.173365,0.631092,-0.194345,0.018534,0.306064,0.214185,0,upstairs
797,0.141271,0.791994,-0.086033,-0.255569,0.022746,-0.09181,0,upstairs
798,0.60456,0.384725,0.235826,-0.3291219999999999,-0.494604,-0.387558,0,upstairs
799,0.501307,0.265884,0.315178,-1.139059,-0.612788,-0.2338989999999999,0,upstairs
800,0.04473,0.279418,0.47153,-1.642505,0.5301899999999999,-0.315768,0,upstairs
801,-0.080718,0.391708,0.388207,-1.780561,1.098441,-0.843026,0,upstairs
802,-0.38003,0.450184,0.083687,-2.168051,1.560591,-1.526782,0,upstairs
803,-0.309582,0.378791,-0.389444,-2.361485,1.539533,-1.953259,0,upstairs
804,0.075688,0.231403,-0.48356,-2.143255,0.922011,-2.226544,0,upstairs
805,0.504633,-0.078065,-0.434355,-2.005527,-0.330552,-1.597999,0,upstairs
806,0.746047,-0.15947,-0.298487,-2.287489,-0.549254,-1.273881,0,upstairs
807,0.6193529999999999,0.102847,-0.038387,-2.7517720000000003,-0.33158,-1.493183,0,upstairs
808,0.531818,0.1415529999999999,-0.019392,-3.072778,-0.4332689999999999,-1.625619,0,upstairs
809,0.379584,0.173589,-0.042235,-2.8861630000000003,-0.0883289999999999,-1.734784,0,upstairs
810,0.269471,0.178145,-0.405534,-2.6588700000000003,0.1812609999999999,-1.950391,0,upstairs
811,0.245159,0.087464,-0.539013,-3.133284,-0.251463,-1.750188,0,upstairs
812,0.266961,-0.13931,-0.516891,-3.236872,-1.049583,-1.3375549999999998,0,upstairs
813,0.0903289999999999,-0.275026,-0.387955,-3.11102,-1.319333,-1.121618,0,upstairs
814,0.192943,-0.208961,-0.3175179999999999,-2.931818,-1.2838040000000002,-0.8384010000000001,0,upstairs
815,0.159577,-0.330582,-0.338976,-2.570768,-0.926044,-0.575691,0,upstairs
816,0.153641,-0.410705,-0.3423199999999999,-1.978177,-0.7641819999999999,-0.275862,0,upstairs
817,0.156559,-0.369771,-0.358782,-1.386629,-0.6288189999999999,-0.008053,0,upstairs
818,0.145219,-0.310184,-0.407069,-0.965307,-0.700288,0.182989,0,upstairs
819,0.128447,-0.264899,-0.340923,-0.601709,-0.628529,0.304009,0,upstairs
820,0.089301,-0.241859,-0.260834,-0.145516,-0.391885,0.403033,0,upstairs
821,-0.00299,-0.240101,-0.0694029999999999,0.3628639999999999,-0.032536,0.407192,0,upstairs
822,-0.032786,-0.189028,-0.125217,0.761302,-0.011202,0.321285,0,upstairs
823,-0.0451279999999999,-0.175262,-0.221619,1.195443,-0.14647,0.205918,0,upstairs
824,-0.089341,-0.127307,-0.0913669999999999,1.66398,0.050356,0.128822,0,upstairs
825,-0.161298,0.3519199999999999,1.1560290000000002,1.384755,1.274385,0.0975289999999999,0,upstairs
826,-0.018387,1.07343,0.947388,0.4632949999999999,1.199258,-0.295507,0,upstairs
827,0.261208,0.7996800000000001,-0.451713,1.343465,-1.363765,-0.00086,0,upstairs
828,0.560829,0.116925,0.824526,0.916051,-1.074166,0.6741050000000001,0,upstairs
829,0.022799,-0.413839,-0.460077,2.007149,-0.831254,0.520113,0,upstairs
830,0.162848,0.2006109999999999,0.057158,2.302136,0.699517,0.272385,0,upstairs
831,0.372318,0.41617,0.01756,2.044037,0.257211,0.283967,0,upstairs
832,0.444881,0.508329,0.0229419999999999,2.032273,-0.200909,0.306905,0,upstairs
833,0.217211,0.04831,-0.034061,2.153099,0.310205,0.522875,0,upstairs
834,0.21394,-0.121567,-0.0594809999999999,2.434863,1.206602,0.686064,0,upstairs
835,0.241498,-0.230373,-0.135461,2.655895,1.702332,0.666676,0,upstairs
836,0.280606,0.193923,-0.2152929999999999,2.611971,1.7712880000000002,0.776308,0,upstairs
837,0.116728,0.325398,-0.204931,2.356075,1.441393,0.646757,0,upstairs
838,0.045089,0.294798,-0.147146,2.041033,1.10492,0.6150770000000001,0,upstairs
839,-0.0583529999999999,-0.167035,-0.055419,1.903822,0.999778,0.653778,0,upstairs
840,-0.075653,-0.247982,-0.0715539999999999,1.985098,1.0634370000000002,0.913842,0,upstairs
841,-0.062269,-0.1954789999999999,-0.125505,1.997357,0.826414,1.036008,0,upstairs
842,-0.086753,-0.048261,-0.2073159999999999,1.945781,0.414707,0.942172,0,upstairs
843,-0.060533,-0.036699,-0.2352739999999999,1.748431,-0.123358,0.872049,0,upstairs
844,0.022437,-0.139891,-0.155417,1.376564,-0.4461989999999999,0.677585,0,upstairs
845,0.14284,-0.200238,0.004953,1.13201,-0.280153,0.657504,0,upstairs
846,0.2346619999999999,-0.271223,0.150387,1.228075,0.13631,0.589275,0,upstairs
847,0.200496,-0.287357,0.131366,1.2543879999999998,0.690477,0.5107689999999999,0,upstairs
848,0.104805,-0.170468,0.006865,1.1373950000000002,0.973326,0.474338,0,upstairs
849,0.0248819999999999,-0.075548,-0.053216,0.930777,0.688001,0.345074,0,upstairs
850,-0.149448,0.073534,-0.0489589999999999,0.742398,0.368777,0.151907,0,upstairs
851,-0.087787,-0.031994,0.040224,0.69792,0.342703,0.051217,0,upstairs
852,0.054471,-0.05239,0.12841,0.614012,0.4621619999999999,0.086797,0,upstairs
853,0.068512,-0.0172979999999999,0.164802,0.572584,0.369208,0.191313,0,upstairs
854,0.038007,-0.0559309999999999,0.027938,0.605194,0.519235,0.2073719999999999,0,upstairs
855,0.025238,-0.036466,0.0423819999999999,0.678103,0.386787,0.23262,0,upstairs
856,0.010961,-0.021397,0.083632,0.740247,0.28506,0.310096,0,upstairs
857,-0.021941,0.041624,0.085543,0.734851,0.3677809999999999,0.407161,0,upstairs
858,-0.04023,0.0832919999999999,0.018451,0.775859,0.307687,0.481232,0,upstairs
859,-0.060758,0.064,0.002564,0.835047,0.273032,0.5714199999999999,0,upstairs
860,-0.049277,0.028543,0.00311,0.8955280000000001,0.212048,0.584739,0,upstairs
861,-0.004284,0.047512,0.089873,0.829526,0.263335,0.603441,0,upstairs
862,-0.015821,0.085934,0.082696,0.7313,0.436447,0.554463,0,upstairs
863,-0.1030369999999999,0.2124719999999999,0.012383,0.541926,0.4142369999999999,0.412163,0,upstairs
864,-0.226277,0.436587,0.118115,0.236034,0.216103,0.143225,0,upstairs
865,-0.27799,0.402591,0.142538,-0.111284,0.073448,-0.111119,0,upstairs
866,-0.211329,0.4564829999999999,0.158263,-0.517009,0.110439,-0.4846729999999999,0,upstairs
867,0.170826,0.339021,0.282396,-0.823896,0.272895,-0.8844040000000001,0,upstairs
868,0.267932,0.249756,0.373613,-1.294017,0.8973469999999999,-1.059403,0,upstairs
869,0.346192,0.036247,0.3583639999999999,-1.891947,1.579839,-0.986474,0,upstairs
870,0.431245,-0.00957,-0.037563,-2.212816,1.957736,-0.905878,0,upstairs
871,0.516733,0.104584,-0.147312,-2.448044,1.879582,-0.871102,0,upstairs
872,0.70913,0.298092,-0.031655,-2.349856,1.329999,-0.714819,0,upstairs
873,0.680595,0.35974,-0.037006,-2.14273,1.951895,-0.838083,0,upstairs
874,0.511594,0.240495,-0.125029,-2.088773,2.066842,-0.859218,0,upstairs
875,0.385686,0.212925,-0.112605,-2.046412,1.792785,-0.825456,0,upstairs
876,0.368432,-0.042371,-0.180288,-2.016131,1.035923,-0.7227939999999999,0,upstairs
877,0.30583,-0.108842,-0.184555,-1.862896,0.842995,-0.8272299999999999,0,upstairs
878,0.169381,-0.220387,-0.246598,-1.6698560000000002,0.736383,-0.441185,0,upstairs
879,0.238596,-0.229866,-0.2886579999999999,-1.6662709999999998,0.252271,-0.059185,0,upstairs
880,0.342965,-0.2389219999999999,-0.3170389999999999,-1.709421,-0.287727,0.2200119999999999,0,upstairs
881,0.549713,-0.257364,-0.260333,-1.588662,-0.274065,0.428073,0,upstairs
882,0.544371,-0.263961,-0.261163,-1.225219,0.098771,0.648051,0,upstairs
883,0.49693,-0.282257,-0.286156,-0.782855,0.626105,0.791471,0,upstairs
884,0.263203,-0.333387,-0.2612739999999999,-0.387795,0.7533920000000001,0.851751,0,upstairs
885,0.139337,-0.310496,-0.220493,-0.025968,0.551851,0.855605,0,upstairs
886,-0.065553,-0.303645,-0.140564,0.34292,0.300053,0.900165,0,upstairs
887,-0.181329,-0.311686,-0.045651,0.773597,0.210186,0.889401,0,upstairs
888,-0.1857869999999999,-0.196591,0.073261,1.166779,0.481896,0.798864,0,upstairs
889,-0.235102,-0.101619,0.133679,1.296142,0.694731,0.4758239999999999,0,upstairs
890,-0.2916289999999999,0.063314,0.288888,1.1832129999999998,0.7504390000000001,0.49526,0,upstairs
891,-0.233088,0.0737559999999999,0.343868,0.962036,0.847245,0.18808,0,upstairs
892,-0.086938,0.099946,0.3739369999999999,0.8187909999999999,1.030717,-0.281037,0,upstairs
893,0.137787,0.0825029999999999,0.532555,0.533255,1.000227,-0.400497,0,upstairs
894,0.302218,-0.083984,0.463508,0.431004,1.180044,-0.2583,0,upstairs
895,0.446814,-0.16863,0.22715,0.38304,0.478303,-0.019522,0,upstairs
896,0.5693779999999999,-0.113981,0.1187339999999999,0.706688,0.302671,0.197676,0,upstairs
897,0.8860610000000001,0.079761,0.064279,0.985518,0.589566,0.404355,0,upstairs
898,0.98781,0.935136,-0.166945,1.020091,0.6355649999999999,0.592544,0,upstairs
899,0.996396,1.454721,-0.040344,-0.368325,0.180729,0.455242,0,upstairs
900,0.002112,-0.230713,-0.039133,-0.290284,1.45081,-0.212411,0,upstairs
901,0.265798,-1.386041,-0.5901109999999999,0.8588,2.587136,0.203308,0,upstairs
902,0.6278859999999999,-0.8999090000000001,-0.583083,1.096145,1.81595,0.511465,0,upstairs
903,0.1146599999999999,0.465934,-0.040572,1.671905,1.887681,0.1895869999999999,0,upstairs
904,0.0881059999999999,1.055343,-0.508759,1.7495900000000002,3.816219,0.025289,0,upstairs
905,0.219241,0.595795,-0.4252899999999999,1.080615,2.713381,-0.124317,0,upstairs
906,0.31433,-0.275575,0.224169,0.960187,0.726685,0.235242,0,upstairs
907,0.4871729999999999,-0.501926,0.267507,1.900862,1.380736,0.4920069999999999,0,upstairs
908,0.47085,-0.265938,-0.079062,2.342852,2.127147,0.462091,0,upstairs
909,0.3060449999999999,-0.037275,-0.233285,1.838702,2.965078,0.476724,0,upstairs
910,0.066365,0.120951,-0.24505,1.513635,2.967566,0.402879,0,upstairs
911,-0.056884,0.18442,-0.032449,1.524646,2.660251,0.2559349999999999,0,upstairs
912,0.004917,0.090036,-0.000449,1.512369,2.353181,0.068236,0,upstairs
913,0.1181789999999999,-0.0892049999999999,0.008723,1.292485,2.283825,0.020855,0,upstairs
914,0.156006,-0.103839,-0.02234,0.981072,2.337001,0.046385,0,upstairs
915,0.149264,-0.07718,0.0945,0.95961,2.386832,0.124152,0,upstairs
916,0.114329,-0.002704,0.226259,0.98134,2.492146,0.142328,0,upstairs
917,-0.004782,0.07263,0.150464,0.8280549999999999,2.333946,0.143597,0,upstairs
918,-0.034738,0.053361,0.089193,0.660474,2.0098990000000003,0.073407,0,upstairs
919,-0.014274,-0.0072959999999999,0.126557,0.635575,1.650092,0.0309649999999999,0,upstairs
920,0.045597,0.002147,0.273485,0.6716270000000001,1.59778,0.02808,0,upstairs
921,-0.006981,0.042435,0.218178,0.730024,1.7818310000000002,0.037866,0,upstairs
922,-0.064026,0.02737,0.159664,0.676904,1.679407,0.1230839999999999,0,upstairs
923,-0.069129,0.084585,0.158092,0.563474,1.445125,0.20164,0,upstairs
924,-0.0040799999999999,0.049721,0.203392,0.522339,1.36198,0.2505969999999999,0,upstairs
925,0.047494,0.069708,0.2358469999999999,0.600187,1.382898,0.279956,0,upstairs
926,0.102833,0.070565,0.3221199999999999,0.586056,1.58844,0.3063,0,upstairs
927,0.036381,0.052176,0.298155,0.429438,1.602969,0.272072,0,upstairs
928,-0.158998,0.135371,0.274284,0.321325,1.41735,0.164733,0,upstairs
929,-0.161643,0.139981,0.3775489999999999,0.379847,1.526181,0.070999,0,upstairs
930,-0.121389,0.146872,0.413628,0.35907,1.622244,0.041888,0,upstairs
931,-0.1018559999999999,0.2038319999999999,0.343148,0.1522619999999999,1.5764280000000002,-0.042819,0,upstairs
932,-0.233775,0.364014,0.274201,-0.096883,1.245761,-0.25137,0,upstairs
933,-0.146089,0.5459689999999999,0.245717,-0.566353,1.143269,-0.586735,0,upstairs
934,0.018421,0.5801890000000001,0.372243,-1.031776,1.407455,-0.981294,0,upstairs
935,0.252161,0.406559,0.578909,-1.781191,1.583544,-0.944026,0,upstairs
936,0.374692,0.195968,0.625537,-2.898606,2.487548,-0.670979,0,upstairs
937,0.494275,0.037086,0.521288,-3.226017,3.942887,-0.430508,0,upstairs
938,0.497772,0.170074,0.038229,-3.063375,3.991552,-0.487118,0,upstairs
939,0.425822,0.340075,-0.196918,-3.07369,2.872872,-0.975002,0,upstairs
940,0.197017,0.619392,-0.230352,-2.482845,2.21387,-1.5874629999999998,0,upstairs
941,0.13357,0.608046,-0.125848,-2.21997,1.464482,-1.956408,0,upstairs
942,0.287972,0.38337,-0.144392,-2.643746,1.016,-2.121163,0,upstairs
943,0.272153,0.270319,-0.201155,-3.727233,-0.0158729999999999,-2.076134,0,upstairs
944,0.012591,-0.0866649999999999,0.123484,-3.895095,-0.275338,-1.7800080000000005,0,upstairs
945,0.049726,-0.3524219999999999,-0.005101,-3.629237,-0.027697,-1.336225,0,upstairs
946,0.168076,-0.304394,-0.174214,-3.872066,-0.620095,-0.8340290000000001,0,upstairs
947,0.190358,0.009034,-0.187069,-3.70593,-0.8256030000000001,-0.734329,0,upstairs
948,0.120327,0.053451,-0.1592,-3.3967620000000003,-1.020937,-0.638984,0,upstairs
949,0.0297589999999999,-0.078161,-0.166969,-3.087559,-1.082443,-0.178478,0,upstairs
950,0.1153609999999999,-0.510959,-0.192697,-2.661997,-0.637442,0.0546809999999999,0,upstairs
951,-0.0036119999999999,-0.465879,-0.258947,-2.172532,-0.555534,0.192591,0,upstairs
952,-0.059999,-0.287582,-0.205215,-1.7548400000000002,-0.789816,0.077236,0,upstairs
953,0.0526049999999999,-0.383353,-0.191378,-1.094637,-0.589745,0.088001,0,upstairs
954,0.024557,-0.443713,-0.087827,-0.4496699999999999,-0.118381,0.199792,0,upstairs
955,0.113338,-0.394029,-0.153496,-0.242641,0.068744,0.377255,0,upstairs
956,0.026422,-0.4144489999999999,-0.190134,-0.003069,-0.175375,0.4785859999999999,0,upstairs
957,-0.151769,-0.341601,0.038035,0.4303359999999999,-0.254112,0.34605,0,upstairs
958,-0.119631,-0.3519739999999999,0.0266199999999999,0.650359,-0.318319,0.228029,0,upstairs
959,-0.149351,-0.2932329999999999,0.015403,0.950039,-0.247423,0.087958,0,upstairs
960,-0.04663,-0.265835,-0.009909,1.497907,0.030104,0.007039,0,upstairs
961,0.056558,-0.290785,0.088496,1.759405,0.471624,0.18883,0,upstairs
962,0.303322,0.3300599999999999,1.035418,-0.03023,1.488017,0.112001,0,upstairs
963,-0.221255,0.708122,0.084816,-0.348601,-0.907094,-0.051659,0,upstairs
964,0.067929,-0.335671,-0.524072,2.254324,-1.412719,-0.006124,0,upstairs
965,0.237754,-0.763117,0.366523,2.065018,0.185801,0.272515,0,upstairs
966,0.127893,-0.412386,-0.208992,2.378712,1.065996,0.197735,0,upstairs
967,0.2691989999999999,0.241653,-0.160366,2.387266,1.182693,0.310877,0,upstairs
968,0.528741,0.4716869999999999,0.115642,1.805604,0.848517,0.734531,0,upstairs
969,0.268309,0.220683,0.055406,2.124874,0.969664,0.7974939999999999,0,upstairs
970,0.084606,-0.207952,-0.068755,2.405605,1.726043,0.812373,0,upstairs
971,0.047859,-0.166195,-0.075207,2.468403,1.945211,0.827486,0,upstairs
972,-0.0153889999999999,0.097897,-0.044509,2.3612040000000003,1.760514,0.7554029999999999,0,upstairs
973,-0.109145,0.326013,-0.159065,2.072312,1.335312,0.5125109999999999,0,upstairs
974,-0.1264839999999999,0.2237,-0.143628,1.596271,0.677053,0.372229,0,upstairs
975,-0.119313,-0.2518849999999999,-0.032517,1.375165,0.35197,0.3411909999999999,0,upstairs
976,-0.1317549999999999,-0.347226,0.0592309999999999,1.259903,0.395947,0.631954,0,upstairs
977,-0.041735,-0.3363239999999999,0.093696,1.105197,0.365817,0.841352,0,upstairs
978,0.0227479999999999,-0.115453,0.1784599999999999,1.11527,0.709859,0.843118,0,upstairs
979,0.0030239999999999,-0.070418,0.171684,1.174549,1.094162,0.8569260000000001,0,upstairs
980,-0.010875,0.013122,0.071882,1.174472,1.534192,0.8392700000000001,0,upstairs
981,-0.03792,-0.0128479999999999,0.063028,1.1691280000000002,1.440834,0.747486,0,upstairs
982,-0.105502,-0.064001,0.069351,0.945351,1.065414,0.785928,0,upstairs
983,-0.260654,-0.188101,0.1445779999999999,0.901795,0.988386,0.905363,0,upstairs
984,-0.294124,-0.138655,0.120344,0.887288,0.90511,0.964121,0,upstairs
985,-0.346032,-0.002472,0.050704,0.740641,0.5657760000000001,0.968872,0,upstairs
986,-0.26997,0.197002,0.2172869999999999,0.976632,0.297878,0.892884,0,upstairs
987,-0.175823,0.135799,0.20399,1.168741,0.130805,0.948919,0,upstairs
988,-0.152339,0.051615,0.143459,1.121984,0.116388,1.131277,0,upstairs
989,-0.030213,0.097199,0.228239,1.186833,0.059723,1.1264610000000002,0,upstairs
990,0.0270589999999999,0.162051,0.281599,1.196365,0.2250349999999999,1.0697,0,upstairs
991,0.113291,0.4407189999999999,0.123273,0.909935,0.2392639999999999,0.956586,0,upstairs
992,-0.181032,0.6537310000000001,-0.010952,0.384082,0.16693,0.853661,0,upstairs
993,-0.202072,0.618309,0.20913,-0.108029,-0.117017,0.627329,0,upstairs
994,-0.062046,0.515049,0.369532,-0.430908,-0.130511,0.286465,0,upstairs
995,0.143298,0.2214449999999999,0.614396,-0.8961290000000001,-0.054787,0.1346359999999999,0,upstairs
996,-0.184096,0.1120099999999999,0.527315,-1.2969469999999998,0.857759,-0.217574,0,upstairs
997,-0.403309,0.127513,0.311121,-1.2080879999999998,1.7525580000000005,-0.81844,0,upstairs
998,-0.470228,0.184705,0.081468,-1.22531,2.30472,-1.422814,0,upstairs
999,-0.327344,0.356507,-0.15029,-1.171938,1.646956,-1.61281,0,upstairs
1000,0.063967,0.394099,-0.253928,-1.44861,0.487442,-1.514967,0,upstairs
1001,0.360761,0.0825419999999999,-0.3098349999999999,-2.0276560000000003,-0.467734,-1.107591,0,upstairs
1002,0.422606,0.060265,0.181269,-2.795156,-1.075291,-1.153834,0,upstairs
1003,0.645171,-0.094764,0.595409,-2.571318,0.231309,-1.2244469999999998,0,upstairs
1004,0.389475,0.019301,0.184719,-2.804879,0.4539479999999999,-1.021265,0,upstairs
1005,0.241923,0.16221,-0.169462,-3.054017,0.6313979999999999,-0.95914,0,upstairs
1006,0.319918,0.2282809999999999,-0.246219,-3.10726,0.714214,-1.376224,0,upstairs
1007,0.234181,-0.061581,-0.233114,-3.564871,0.220607,-1.416176,0,upstairs
1008,-0.170345,-0.19739,-0.266088,-3.840768,-0.886257,-1.432708,0,upstairs
1009,-0.230053,-0.182514,-0.332929,-3.639393,-1.516995,-1.051274,0,upstairs
1010,-0.34388,-0.5706289999999999,-0.322863,-3.229095,-1.348955,-0.54015,0,upstairs
1011,-0.036881,-0.7470100000000001,-0.162779,-2.28022,-0.7164520000000001,-0.2298889999999999,0,upstairs
1012,0.036243,-0.582639,-0.183748,-1.456456,-0.730762,-0.0297009999999999,0,upstairs
1013,-0.0508,-0.4414229999999999,-0.2145099999999999,-0.579414,-0.721022,-0.028928,0,upstairs
1014,-0.1325309999999999,-0.359759,-0.2614849999999999,0.1062359999999999,-0.7418710000000001,-0.204642,0,upstairs
1015,-0.189874,-0.5199060000000001,-0.207098,0.659033,-0.7627550000000001,-0.256301,0,upstairs
1016,-0.199077,-0.598793,-0.031346,1.263814,-0.284568,-0.217438,0,upstairs
1017,-0.128584,-0.603166,0.00936,2.098967,0.84388,-0.222664,0,upstairs
1018,0.043133,-0.8058310000000001,-0.088383,2.436213,1.282171,0.43395,0,upstairs
1019,0.533293,0.053545,0.659521,1.7006259999999995,0.250127,0.2207619999999999,0,upstairs
1020,-0.378693,1.575622,-0.5303479999999999,3.884505,1.19738,-1.19341,0,upstairs
1021,0.183112,1.4715280000000002,-0.373196,1.481275,-0.957837,-0.136008,0,upstairs
1022,0.092331,-0.262375,0.270302,2.219534,-0.756713,0.076126,0,upstairs
1023,0.2951809999999999,-0.5833020000000001,0.09247,2.248485,0.276406,0.366629,0,upstairs
1024,0.363719,-0.355061,0.197621,2.168825,1.047289,1.061566,0,upstairs
1025,0.263683,0.4001639999999999,-0.0602179999999999,2.419482,1.5555370000000002,1.348949,0,upstairs
1026,0.104746,0.329551,-0.122403,2.2116860000000003,1.597749,1.096411,0,upstairs
1027,-0.0560549999999999,0.283414,-0.1486859999999999,2.096884,1.215611,0.855749,0,upstairs
1028,-0.320686,-0.037889,-0.0327029999999999,1.974543,0.942719,0.7409439999999999,0,upstairs
1029,-0.292004,-0.167962,-0.074788,1.7666400000000002,0.583043,0.824342,0,upstairs
1030,-0.2686219999999999,-0.2152,-0.053458,1.503066,-0.030083,0.934382,0,upstairs
1031,-0.093571,-0.280445,0.041698,1.406176,-0.1398059999999999,1.018235,0,upstairs
1032,-0.016245,-0.289687,0.057926,1.282902,-0.265096,1.021808,0,upstairs
1033,-0.07122,-0.277732,0.06878,1.185386,-0.433839,0.947636,0,upstairs
1034,-0.181821,-0.262707,0.140045,1.277809,-0.101577,0.8933760000000001,0,upstairs
1035,-0.198817,-0.217111,0.117663,1.052766,0.102871,0.8434719999999999,0,upstairs
1036,-0.15867,-0.133018,0.1142779999999999,0.913133,0.2465989999999999,0.719467,0,upstairs
1037,-0.184799,0.040997,0.229093,0.84816,0.575613,0.548744,0,upstairs
1038,-0.209617,0.03385,0.222716,0.8570780000000001,0.6236689999999999,0.511357,0,upstairs
1039,-0.242882,0.0285139999999999,0.247406,0.866642,0.598137,0.4943649999999999,0,upstairs
1040,-0.351402,0.110373,0.115405,0.849507,0.395597,0.543643,0,upstairs
1041,-0.337955,0.16756,0.068517,0.745804,0.202771,0.636101,0,upstairs
1042,-0.298324,0.1874549999999999,0.109055,0.796361,0.103339,0.682516,0,upstairs
1043,-0.199292,0.227764,0.233826,0.90762,-0.070673,0.679243,0,upstairs
1044,-0.214007,0.247228,0.291166,0.92878,-0.144115,0.645302,0,upstairs
1045,-0.20836,0.33599,0.296976,0.8679110000000001,-0.184271,0.617154,0,upstairs
1046,-0.1102079999999999,0.487847,0.307693,0.5645600000000001,-0.109373,0.531618,0,upstairs
1047,-0.144768,0.577381,0.2373699999999999,-0.118324,0.131439,0.30969,0,upstairs
1048,-0.329352,0.7693,0.094237,-1.016464,0.001033,0.133736,0,upstairs
1049,-0.114772,0.480768,0.229563,-1.301364,0.061184,-0.275323,0,upstairs
1050,0.275042,0.360439,0.444806,-1.393628,0.061903,-0.643415,0,upstairs
1051,0.201104,0.181811,0.573294,-1.630369,0.284463,-0.68381,0,upstairs
1052,-0.144676,0.178174,0.4874529999999999,-1.738401,1.406479,-0.926352,0,upstairs
1053,-0.468979,0.252126,0.142656,-1.413317,2.206532,-1.48165,0,upstairs
1054,-0.485933,0.222833,-0.290048,-1.108217,1.225514,-1.504967,0,upstairs
1055,-0.093197,0.243285,-0.384695,-1.301886,0.0739799999999999,-1.344611,0,upstairs
1056,0.231844,0.140467,-0.49841,-1.734084,-0.832398,-1.2791709999999998,0,upstairs
1057,0.313984,-0.066696,-0.302279,-2.44068,-0.8948379999999999,-1.036199,0,upstairs
1058,0.357661,-0.074181,0.167298,-2.784011,-0.746091,-1.173384,0,upstairs
1059,0.5279119999999999,-0.045581,0.492695,-2.382622,-0.352796,-1.306748,0,upstairs
1060,0.391829,-0.046639,0.016768,-2.357694,0.48533,-1.267056,0,upstairs
1061,0.188997,0.048505,-0.369123,-2.555709,0.2391849999999999,-1.611022,0,upstairs
1062,0.102186,-0.0134479999999999,-0.466467,-2.993294,-0.43508,-1.777721,0,upstairs
1063,0.006197,-0.092557,-0.378906,-3.32427,-1.376941,-1.7179369999999998,0,upstairs
1064,-0.0676659999999999,-0.2766119999999999,-0.250391,-3.321797,-1.524861,-1.226349,0,upstairs
1065,-0.069405,-0.447805,-0.240242,-3.287017,-1.496498,-0.624733,0,upstairs
1066,0.004336,-0.454892,-0.25469,-2.852346,-1.266201,-0.252387,0,upstairs
1067,-0.055853,-0.595497,-0.217425,-2.155411,-0.951152,0.010587,0,upstairs
1068,-0.1146609999999999,-0.466293,-0.175668,-1.38189,-0.994024,0.204052,0,upstairs
1069,-0.1546529999999999,-0.390075,-0.212166,-0.683002,-1.1724,0.249755,0,upstairs
1070,-0.139238,-0.437129,-0.187146,0.087498,-1.248101,0.13132,0,upstairs
1071,-0.167964,-0.437034,-0.077582,0.828808,-0.5945090000000001,-0.122849,0,upstairs
1072,-0.157001,-0.44991,0.192095,1.282708,0.441561,-0.139166,0,upstairs
1073,0.1099599999999999,-0.68616,0.056624,2.118351,1.1401139999999998,0.268495,0,upstairs
1074,0.276492,-0.290978,0.102765,2.491694,-0.2866869999999999,0.0443319999999999,0,upstairs
1075,-0.215477,0.800573,0.5510520000000001,3.843097,2.220929,-1.6468459999999998,0,upstairs
1076,0.4128729999999999,1.917471,0.374298,1.356395,-0.956379,-0.128314,0,upstairs
1077,0.422712,1.113757,0.171591,1.725886,-0.997779,-0.4846029999999999,0,upstairs
1078,0.267482,-0.6803680000000001,0.178393,2.187146,-0.093068,0.107118,0,upstairs
1079,0.2832639999999999,-0.374433,0.187969,2.30892,0.4192149999999999,0.828362,0,upstairs
1080,0.234759,0.140558,0.082603,2.621325,1.492428,1.236162,0,upstairs
1081,0.2070179999999999,0.406254,0.021011,2.433888,1.536879,1.204885,0,upstairs
1082,0.006263,0.376474,-0.111677,2.37261,1.37105,0.903431,0,upstairs
1083,-0.163461,0.0679,-0.127521,2.2707040000000003,1.151176,0.566511,0,upstairs
1084,-0.242478,-0.125695,-0.130406,1.982733,0.724889,0.593888,0,upstairs
1085,-0.256605,-0.313828,-0.059368,1.779335,0.342175,0.839717,0,upstairs
1086,-0.09901,-0.31476,0.039724,1.826006,0.292013,1.0890030000000002,0,upstairs
1087,-0.020125,-0.2661239999999999,0.042345,1.774037,0.443131,1.171768,0,upstairs
1088,-0.040216,-0.187963,-0.030181,1.547893,0.187295,1.14381,0,upstairs
1089,-0.127937,-0.166614,0.042113,1.244719,0.236887,0.993146,0,upstairs
1090,-0.2134449999999999,-0.125182,0.05345,1.007308,0.223307,0.865455,0,upstairs
1091,-0.190144,-0.147048,0.082912,0.946192,0.205103,0.675976,0,upstairs
1092,-0.182558,-0.116273,0.141797,1.072357,0.361827,0.534583,0,upstairs
1093,-0.172872,-0.008282,0.147031,1.0028290000000002,0.3003699999999999,0.5128119999999999,0,upstairs
1094,-0.220627,0.086138,0.2144739999999999,0.858057,0.359517,0.498906,0,upstairs
1095,-0.26281,0.1030259999999999,0.190045,0.736082,0.487902,0.4669109999999999,0,upstairs
1096,-0.290536,0.122966,0.15771,0.691401,0.2803239999999999,0.467933,0,upstairs
1097,-0.393965,0.186427,0.2008579999999999,0.696697,0.305735,0.502121,0,upstairs
1098,-0.424443,0.23914,0.202559,0.802208,0.4102,0.393765,0,upstairs
1099,-0.331757,0.291177,0.180178,0.764158,0.1932549999999999,0.333957,0,upstairs
1100,-0.297121,0.2342469999999999,0.232,0.660721,-0.156253,0.447982,0,upstairs
1101,-0.268495,0.229684,0.307225,0.536566,-0.135993,0.550721,0,upstairs
1102,-0.158601,0.30967,0.270777,0.396728,0.0584789999999999,0.523858,0,upstairs
1103,0.02916,0.432984,0.208619,-0.074119,0.287701,0.352564,0,upstairs
1104,-0.068922,0.483856,-0.036314,-0.768941,0.26111,0.145851,0,upstairs
1105,0.049678,0.335778,0.0418689999999999,-0.901292,-0.164895,-0.031852,0,upstairs
1106,0.2401869999999999,0.385549,0.276986,-0.750787,-0.320259,-0.203654,0,upstairs
1107,0.033042,0.273204,0.339352,-0.873755,0.083946,-0.213577,0,upstairs
1108,-0.072139,0.278163,0.337651,-1.519668,0.351886,-0.325254,0,upstairs
1109,-0.359065,0.412033,0.394689,-1.6751169999999995,1.068341,-0.869915,0,upstairs
1110,-0.6455609999999999,0.459583,0.186454,-1.374023,1.357781,-1.583891,0,upstairs
1111,-0.442855,0.344595,0.1757119999999999,-1.468693,1.655334,-1.58707,0,upstairs
1112,0.155046,0.039751,-0.305873,-1.68554,0.190303,-1.330334,0,upstairs
1113,0.2368219999999999,0.1085589999999999,-0.233727,-2.106421,0.002437,-1.403536,0,upstairs
1114,0.224631,0.101223,-0.226069,-2.271509,-0.382837,-1.615703,0,upstairs
1115,0.208337,-0.073809,0.15034,-2.3193900000000003,-0.689077,-1.7139220000000002,0,upstairs
1116,0.223406,-0.083571,0.173213,-2.445,-0.348976,-1.6746419999999995,0,upstairs
1117,0.2185489999999999,-0.052909,-0.227883,-2.739845,-0.245486,-1.724905,0,upstairs
1118,0.2133429999999999,-0.1016059999999999,-0.247657,-3.061009,-0.351559,-1.826357,0,upstairs
1119,0.1869549999999999,-0.070241,-0.34975,-3.188017,-1.442498,-1.958305,0,upstairs
1120,0.046736,-0.141991,-0.331629,-3.31376,-1.827805,-1.663861,0,upstairs
1121,-0.2092679999999999,-0.273102,-0.103725,-3.299413,-1.573741,-1.276322,0,upstairs
1122,-0.141918,-0.255607,-0.131108,-3.12953,-1.44668,-0.964445,0,upstairs
1123,0.081496,-0.576649,-0.2176409999999999,-2.705895,-1.1764629999999998,-0.7086640000000001,0,upstairs
1124,0.081131,-0.4900779999999999,-0.315904,-2.252576,-1.158928,-0.425646,0,upstairs
1125,0.044541,-0.408992,-0.3280389999999999,-1.719356,-1.06655,-0.279966,0,upstairs
1126,0.044767,-0.280914,-0.233854,-1.027627,-0.972057,-0.267778,0,upstairs
1127,0.011706,-0.291576,-0.2086329999999999,-0.225102,-0.888702,-0.230232,0,upstairs
1128,-0.062581,-0.3770679999999999,-0.144026,0.627571,-0.8426530000000001,-0.230744,0,upstairs
1129,-0.124101,-0.5038739999999999,-0.0015119999999999,1.461185,-0.459117,-0.163456,0,upstairs
1130,-0.201441,-0.5940949999999999,0.283885,1.758722,0.4338359999999999,0.047918,0,upstairs
1131,-0.168813,-0.004816,0.7869619999999999,0.620464,1.88975,0.048783,0,upstairs
1132,0.172372,0.419018,-0.395606,1.855369,-1.111168,-0.213278,0,upstairs
1133,-0.221251,0.794492,0.87969,1.766689,0.842196,-0.8466520000000001,0,upstairs
1134,0.430614,0.349286,-0.199607,1.445558,-1.25701,0.38225,0,upstairs
1135,-0.111722,-0.24886,0.037283,2.059484,-0.448665,-0.09947,0,upstairs
1136,0.069489,-0.188671,0.038531,1.963864,0.246763,0.032499,0,upstairs
1137,0.276613,0.284149,0.04144,1.877557,-0.098398,0.376306,0,upstairs
1138,0.182198,0.2297199999999999,0.024906,2.132169,0.5334760000000001,0.380479,0,upstairs
1139,0.128983,0.067855,0.069697,2.238999,1.171737,0.513935,0,upstairs
1140,0.009505,-0.006893,-0.028009,2.3849400000000003,1.4001,0.555254,0,upstairs
1141,-0.026338,0.009506,-0.035291,2.294353,1.392014,0.524722,0,upstairs
1142,-0.133291,0.097224,-0.0572279999999999,2.075217,1.114523,0.578026,0,upstairs
1143,-0.209013,0.062426,-0.103992,1.741801,0.5488350000000001,0.6074,0,upstairs
1144,-0.186375,-0.067476,0.0014039999999999,1.543322,0.286579,0.8285399999999999,0,upstairs
1145,-0.139783,-0.18006,0.043186,1.468376,0.149844,0.988425,0,upstairs
1146,-0.033725,-0.213692,0.102108,1.474993,0.129854,0.920131,0,upstairs
1147,-0.003296,-0.211478,0.083182,1.468956,0.205531,0.914651,0,upstairs
1148,0.004556,-0.193525,0.018716,1.289124,0.053902,0.8943610000000001,0,upstairs
1149,-0.044449,-0.187897,0.060792,1.220243,0.066228,0.8019970000000001,0,upstairs
